[0.000000] (-) TimerEvent: {}
[0.001103] (hal) JobQueued: {'identifier': 'hal', 'dependencies': OrderedDict()}
[0.001169] (hal) JobStarted: {'identifier': 'hal'}
[0.010102] (hal) JobProgress: {'identifier': 'hal', 'progress': 'cmake'}
[0.010779] (hal) Command: {'cmd': ['/usr/bin/cmake', '/home/ss/uvms/uvms3_hal', '-DCMAKE_INSTALL_PREFIX=/home/ss/uvms/uvms3_hal/install/hal'], 'cwd': '/home/ss/uvms/uvms3_hal/build/hal', 'env': OrderedDict([('GJS_DEBUG_TOPICS', 'JS ERROR;JS LOG'), ('PYTHON_BASIC_REPL', '1'), ('LESSOPEN', '| /usr/bin/lesspipe %s'), ('LANGUAGE', 'en_US:'), ('USER', 'ss'), ('LC_TIME', 'zh_CN.UTF-8'), ('XDG_SESSION_TYPE', 'wayland'), ('GIT_ASKPASS', '/usr/share/code/resources/app/extensions/git/dist/askpass.sh'), ('SHLVL', '1'), ('LD_LIBRARY_PATH', '/opt/ros/humble/opt/rviz_ogre_vendor/lib:/opt/ros/humble/lib/x86_64-linux-gnu:/opt/ros/humble/lib'), ('HOME', '/home/ss'), ('CHROME_DESKTOP', 'code.desktop'), ('OLDPWD', '/home/ss/uvms'), ('TERM_PROGRAM_VERSION', '1.112.0'), ('DESKTOP_SESSION', 'ubuntu'), ('GIO_LAUNCHED_DESKTOP_FILE', '/usr/share/applications/code.desktop'), ('ROS_PYTHON_VERSION', '3'), ('GNOME_SHELL_SESSION_MODE', 'ubuntu'), ('GTK_MODULES', 'gail:atk-bridge'), ('VSCODE_GIT_ASKPASS_MAIN', '/usr/share/code/resources/app/extensions/git/dist/askpass-main.js'), ('LC_MONETARY', 'zh_CN.UTF-8'), ('VSCODE_GIT_ASKPASS_NODE', '/usr/share/code/code'), ('MANAGERPID', '1013'), ('PYDEVD_DISABLE_FILE_VALIDATION', '1'), ('SYSTEMD_EXEC_PID', '1216'), ('BUNDLED_DEBUGPY_PATH', '/home/ss/.vscode/extensions/ms-python.debugpy-2025.18.0-linux-x64/bundled/libs/debugpy'), ('IM_CONFIG_CHECK_ENV', '1'), ('VSCODE_PYTHON_AUTOACTIVATE_GUARD', '1'), ('DBUS_SESSION_BUS_ADDRESS', 'unix:path=/run/user/1000/bus'), ('COLORTERM', 'truecolor'), ('GIO_LAUNCHED_DESKTOP_FILE_PID', '3142'), ('IM_CONFIG_PHASE', '1'), ('WAYLAND_DISPLAY', 'wayland-0'), ('ROS_DISTRO', 'humble'), ('LOGNAME', 'ss'), ('JOURNAL_STREAM', '8:16376'), ('_', '/usr/bin/colcon'), ('ROS_VERSION', '2'), ('XDG_SESSION_CLASS', 'user'), ('USERNAME', 'ss'), ('TERM', 'xterm-256color'), ('GNOME_DESKTOP_SESSION_ID', 'this-is-deprecated'), ('FC_FONTATIONS', '1'), ('ROS_LOCALHOST_ONLY', '0'), ('PATH', '/opt/ros/humble/bin:/usr/local/sbin:/usr/local/bin:/usr/sbin:/usr/bin:/sbin:/bin:/usr/games:/usr/local/games:/snap/bin:/snap/bin:/home/ss/.vscode/extensions/ms-python.debugpy-2025.18.0-linux-x64/bundled/scripts/noConfigScripts'), ('SESSION_MANAGER', 'local/ss-virtual-machine:@/tmp/.ICE-unix/1190,unix/ss-virtual-machine:/tmp/.ICE-unix/1190'), ('INVOCATION_ID', '96784870bc864476a7a092ae39483cb9'), ('XDG_MENU_PREFIX', 'gnome-'), ('LC_ADDRESS', 'zh_CN.UTF-8'), ('GNOME_SETUP_DISPLAY', ':1'), ('XDG_RUNTIME_DIR', '/run/user/1000'), ('GDK_BACKEND', 'wayland'), ('DISPLAY', ':0'), ('VSCODE_DEBUGPY_ADAPTER_ENDPOINTS', '/home/ss/.vscode/extensions/ms-python.debugpy-2025.18.0-linux-x64/.noConfigDebugAdapterEndpoints/endpoint-7714b0d78ac9139e.txt'), ('LANG', 'en_US.UTF-8'), ('XDG_CURRENT_DESKTOP', 'ubuntu:GNOME'), ('PYTHONSTARTUP', '/home/ss/.config/Code/User/workspaceStorage/1272d6e7dd2c3b6857eab0dda4bfae3c/ms-python.python/pythonrc.py'), ('LC_TELEPHONE', 'zh_CN.UTF-8'), ('XMODIFIERS', '@im=ibus'), ('XDG_SESSION_DESKTOP', 'ubuntu'), ('XAUTHORITY', '/run/user/1000/.mutter-Xwaylandauth.EHKXM3'), ('LS_COLORS', 'rs=0:di=01;34:ln=01;36:mh=00:pi=40;33:so=01;35:do=01;35:bd=40;33;01:cd=40;33;01:or=40;31;01:mi=00:su=37;41:sg=30;43:ca=30;41:tw=30;42:ow=34;42:st=37;44:ex=01;32:*.tar=01;31:*.tgz=01;31:*.arc=01;31:*.arj=01;31:*.taz=01;31:*.lha=01;31:*.lz4=01;31:*.lzh=01;31:*.lzma=01;31:*.tlz=01;31:*.txz=01;31:*.tzo=01;31:*.t7z=01;31:*.zip=01;31:*.z=01;31:*.dz=01;31:*.gz=01;31:*.lrz=01;31:*.lz=01;31:*.lzo=01;31:*.xz=01;31:*.zst=01;31:*.tzst=01;31:*.bz2=01;31:*.bz=01;31:*.tbz=01;31:*.tbz2=01;31:*.tz=01;31:*.deb=01;31:*.rpm=01;31:*.jar=01;31:*.war=01;31:*.ear=01;31:*.sar=01;31:*.rar=01;31:*.alz=01;31:*.ace=01;31:*.zoo=01;31:*.cpio=01;31:*.7z=01;31:*.rz=01;31:*.cab=01;31:*.wim=01;31:*.swm=01;31:*.dwm=01;31:*.esd=01;31:*.jpg=01;35:*.jpeg=01;35:*.mjpg=01;35:*.mjpeg=01;35:*.gif=01;35:*.bmp=01;35:*.pbm=01;35:*.pgm=01;35:*.ppm=01;35:*.tga=01;35:*.xbm=01;35:*.xpm=01;35:*.tif=01;35:*.tiff=01;35:*.png=01;35:*.svg=01;35:*.svgz=01;35:*.mng=01;35:*.pcx=01;35:*.mov=01;35:*.mpg=01;35:*.mpeg=01;35:*.m2v=01;35:*.mkv=01;35:*.webm=01;35:*.webp=01;35:*.ogm=01;35:*.mp4=01;35:*.m4v=01;35:*.mp4v=01;35:*.vob=01;35:*.qt=01;35:*.nuv=01;35:*.wmv=01;35:*.asf=01;35:*.rm=01;35:*.rmvb=01;35:*.flc=01;35:*.avi=01;35:*.fli=01;35:*.flv=01;35:*.gl=01;35:*.dl=01;35:*.xcf=01;35:*.xwd=01;35:*.yuv=01;35:*.cgm=01;35:*.emf=01;35:*.ogv=01;35:*.ogx=01;35:*.aac=00;36:*.au=00;36:*.flac=00;36:*.m4a=00;36:*.mid=00;36:*.midi=00;36:*.mka=00;36:*.mp3=00;36:*.mpc=00;36:*.ogg=00;36:*.ra=00;36:*.wav=00;36:*.oga=00;36:*.opus=00;36:*.spx=00;36:*.xspf=00;36:'), ('VSCODE_GIT_IPC_HANDLE', '/run/user/1000/vscode-git-32e79d8df5.sock'), ('TERM_PROGRAM', 'vscode'), ('SSH_AGENT_LAUNCHER', 'gnome-keyring'), ('SSH_AUTH_SOCK', '/run/user/1000/keyring/ssh'), ('AMENT_PREFIX_PATH', '/opt/ros/humble'), ('SHELL', '/bin/bash'), ('LC_NAME', 'zh_CN.UTF-8'), ('QT_ACCESSIBILITY', '1'), ('GDMSESSION', 'ubuntu'), ('LESSCLOSE', '/usr/bin/lesspipe %s %s'), ('LC_MEASUREMENT', 'zh_CN.UTF-8'), ('GJS_DEBUG_OUTPUT', 'stderr'), ('LC_IDENTIFICATION', 'zh_CN.UTF-8'), ('VSCODE_GIT_ASKPASS_EXTRA_ARGS', ''), ('QT_IM_MODULE', 'ibus'), ('PWD', '/home/ss/uvms/uvms3_hal/build/hal'), ('XDG_CONFIG_DIRS', '/etc/xdg/xdg-ubuntu:/etc/xdg'), ('XDG_DATA_DIRS', '/usr/share/ubuntu:/usr/local/share/:/usr/share/:/var/lib/snapd/desktop'), ('PYTHONPATH', '/opt/ros/humble/lib/python3.10/site-packages:/opt/ros/humble/local/lib/python3.10/dist-packages'), ('LC_NUMERIC', 'zh_CN.UTF-8'), ('LC_PAPER', 'zh_CN.UTF-8'), ('COLCON', '1'), ('CMAKE_PREFIX_PATH', '/opt/ros/humble')]), 'shell': False}
[0.100136] (-) TimerEvent: {}
[0.206015] (-) TimerEvent: {}
[0.307433] (-) TimerEvent: {}
[0.407976] (-) TimerEvent: {}
[0.508442] (-) TimerEvent: {}
[0.617996] (-) TimerEvent: {}
[0.756969] (-) TimerEvent: {}
[0.778663] (hal) StdoutLine: {'line': b'-- The C compiler identification is GNU 11.4.0\n'}
[0.857082] (-) TimerEvent: {}
[0.877417] (hal) StdoutLine: {'line': b'-- The CXX compiler identification is GNU 11.4.0\n'}
[0.897831] (hal) StdoutLine: {'line': b'-- Detecting C compiler ABI info\n'}
[0.957905] (-) TimerEvent: {}
[0.999864] (hal) StdoutLine: {'line': b'-- Detecting C compiler ABI info - done\n'}
[1.007345] (hal) StdoutLine: {'line': b'-- Check for working C compiler: /usr/bin/cc - skipped\n'}
[1.007525] (hal) StdoutLine: {'line': b'-- Detecting C compile features\n'}
[1.007812] (hal) StdoutLine: {'line': b'-- Detecting C compile features - done\n'}
[1.010423] (hal) StdoutLine: {'line': b'-- Detecting CXX compiler ABI info\n'}
[1.058122] (-) TimerEvent: {}
[1.129174] (hal) StdoutLine: {'line': b'-- Detecting CXX compiler ABI info - done\n'}
[1.133475] (hal) StdoutLine: {'line': b'-- Check for working CXX compiler: /usr/bin/c++ - skipped\n'}
[1.133898] (hal) StdoutLine: {'line': b'-- Detecting CXX compile features\n'}
[1.135692] (hal) StdoutLine: {'line': b'-- Detecting CXX compile features - done\n'}
[1.158235] (-) TimerEvent: {}
[1.183780] (hal) StdoutLine: {'line': b'-- Found ament_cmake: 1.3.13 (/opt/ros/humble/share/ament_cmake/cmake)\n'}
[1.258680] (-) TimerEvent: {}
[1.349619] (hal) StdoutLine: {'line': b'-- Found Python3: /usr/bin/python3 (found version "3.10.12") found components: Interpreter \n'}
[1.358776] (-) TimerEvent: {}
[1.445077] (hal) StdoutLine: {'line': b'-- Found rclcpp: 16.0.18 (/opt/ros/humble/share/rclcpp/cmake)\n'}
[1.459107] (-) TimerEvent: {}
[1.476158] (hal) StdoutLine: {'line': b'-- Found rosidl_generator_c: 3.1.8 (/opt/ros/humble/share/rosidl_generator_c/cmake)\n'}
[1.480303] (hal) StdoutLine: {'line': b'-- Found rosidl_adapter: 3.1.8 (/opt/ros/humble/share/rosidl_adapter/cmake)\n'}
[1.490626] (hal) StdoutLine: {'line': b'-- Found rosidl_generator_cpp: 3.1.8 (/opt/ros/humble/share/rosidl_generator_cpp/cmake)\n'}
[1.501963] (hal) StdoutLine: {'line': b'-- Using all available rosidl_typesupport_c: rosidl_typesupport_fastrtps_c;rosidl_typesupport_introspection_c\n'}
[1.519264] (hal) StdoutLine: {'line': b'-- Using all available rosidl_typesupport_cpp: rosidl_typesupport_fastrtps_cpp;rosidl_typesupport_introspection_cpp\n'}
[1.553228] (hal) StdoutLine: {'line': b'-- Found rmw_implementation_cmake: 6.1.2 (/opt/ros/humble/share/rmw_implementation_cmake/cmake)\n'}
[1.555044] (hal) StdoutLine: {'line': b'-- Found rmw_fastrtps_cpp: 6.2.10 (/opt/ros/humble/share/rmw_fastrtps_cpp/cmake)\n'}
[1.559197] (-) TimerEvent: {}
[1.660144] (-) TimerEvent: {}
[1.717803] (hal) StdoutLine: {'line': b'-- Found OpenSSL: /usr/lib/x86_64-linux-gnu/libcrypto.so (found version "3.0.2")  \n'}
[1.741825] (hal) StdoutLine: {'line': b'-- Found FastRTPS: /opt/ros/humble/include  \n'}
[1.760547] (-) TimerEvent: {}
[1.777409] (hal) StdoutLine: {'line': b"-- Using RMW implementation 'rmw_fastrtps_cpp' as default\n"}
[1.783951] (hal) StdoutLine: {'line': b'-- Looking for pthread.h\n'}
[1.860681] (-) TimerEvent: {}
[1.935610] (hal) StdoutLine: {'line': b'-- Looking for pthread.h - found\n'}
[1.935860] (hal) StdoutLine: {'line': b'-- Performing Test CMAKE_HAVE_LIBC_PTHREAD\n'}
[1.960832] (-) TimerEvent: {}
[2.032874] (hal) StdoutLine: {'line': b'-- Performing Test CMAKE_HAVE_LIBC_PTHREAD - Success\n'}
[2.033324] (hal) StdoutLine: {'line': b'-- Found Threads: TRUE  \n'}
[2.061113] (-) TimerEvent: {}
[2.071214] (hal) StdoutLine: {'line': b'-- Found rclcpp_lifecycle: 16.0.18 (/opt/ros/humble/share/rclcpp_lifecycle/cmake)\n'}
[2.103786] (hal) StdoutLine: {'line': b'-- Found sensor_msgs: 4.9.1 (/opt/ros/humble/share/sensor_msgs/cmake)\n'}
[2.150385] (hal) StdoutLine: {'line': b'-- Found std_srvs: 4.9.1 (/opt/ros/humble/share/std_srvs/cmake)\n'}
[2.161464] (-) TimerEvent: {}
[2.165039] (hal) StdoutLine: {'line': b'-- Found trajectory_msgs: 4.9.1 (/opt/ros/humble/share/trajectory_msgs/cmake)\n'}
[2.188532] (hal) StdoutLine: {'line': b'-- Found rosidl_default_generators: 1.2.0 (/opt/ros/humble/share/rosidl_default_generators/cmake)\n'}
[2.261560] (-) TimerEvent: {}
[2.363854] (-) TimerEvent: {}
[2.464265] (-) TimerEvent: {}
[2.471176] (hal) StdoutLine: {'line': b'-- Found ament_cmake_ros: 0.10.0 (/opt/ros/humble/share/ament_cmake_ros/cmake)\n'}
[2.564500] (-) TimerEvent: {}
[2.665067] (-) TimerEvent: {}
[2.765790] (-) TimerEvent: {}
[2.823550] (hal) StdoutLine: {'line': b'-- Using all available rosidl_typesupport_c: rosidl_typesupport_fastrtps_c;rosidl_typesupport_introspection_c\n'}
[2.865896] (-) TimerEvent: {}
[2.941569] (hal) StdoutLine: {'line': b'-- Using all available rosidl_typesupport_cpp: rosidl_typesupport_fastrtps_cpp;rosidl_typesupport_introspection_cpp\n'}
[2.961119] (hal) StdoutLine: {'line': b'-- Found PythonInterp: /usr/bin/python3 (found suitable version "3.10.12", minimum required is "3.6") \n'}
[2.961873] (hal) StdoutLine: {'line': b'-- Found python_cmake_module: 0.10.0 (/opt/ros/humble/share/python_cmake_module/cmake)\n'}
[2.966001] (-) TimerEvent: {}
[3.032658] (hal) StdoutLine: {'line': b'-- Found PythonLibs: /usr/lib/x86_64-linux-gnu/libpython3.10.so (found suitable version "3.10.12", minimum required is "3.5") \n'}
[3.033593] (hal) StdoutLine: {'line': b'-- Using PYTHON_EXECUTABLE: /usr/bin/python3\n'}
[3.033705] (hal) StdoutLine: {'line': b'-- Using PYTHON_INCLUDE_DIRS: /usr/include/python3.10\n'}
[3.033746] (hal) StdoutLine: {'line': b'-- Using PYTHON_LIBRARIES: /usr/lib/x86_64-linux-gnu/libpython3.10.so\n'}
[3.049688] (hal) StdoutLine: {'line': b'-- Found PythonExtra: .so  \n'}
[3.066127] (-) TimerEvent: {}
[3.125156] (hal) StdoutLine: {'line': b'-- Configuring done\n'}
[3.166307] (-) TimerEvent: {}
[3.268008] (-) TimerEvent: {}
[3.278204] (hal) StdoutLine: {'line': b'-- Generating done\n'}
[3.314924] (hal) StdoutLine: {'line': b'-- Build files have been written to: /home/ss/uvms/uvms3_hal/build/hal\n'}
[3.325227] (hal) CommandEnded: {'returncode': 0}
[3.327069] (hal) JobProgress: {'identifier': 'hal', 'progress': 'build'}
[3.328992] (hal) Command: {'cmd': ['/usr/bin/cmake', '--build', '/home/ss/uvms/uvms3_hal/build/hal', '--', '-j2', '-l2'], 'cwd': '/home/ss/uvms/uvms3_hal/build/hal', 'env': OrderedDict([('GJS_DEBUG_TOPICS', 'JS ERROR;JS LOG'), ('PYTHON_BASIC_REPL', '1'), ('LESSOPEN', '| /usr/bin/lesspipe %s'), ('LANGUAGE', 'en_US:'), ('USER', 'ss'), ('LC_TIME', 'zh_CN.UTF-8'), ('XDG_SESSION_TYPE', 'wayland'), ('GIT_ASKPASS', '/usr/share/code/resources/app/extensions/git/dist/askpass.sh'), ('SHLVL', '1'), ('LD_LIBRARY_PATH', '/opt/ros/humble/opt/rviz_ogre_vendor/lib:/opt/ros/humble/lib/x86_64-linux-gnu:/opt/ros/humble/lib'), ('HOME', '/home/ss'), ('CHROME_DESKTOP', 'code.desktop'), ('OLDPWD', '/home/ss/uvms'), ('TERM_PROGRAM_VERSION', '1.112.0'), ('DESKTOP_SESSION', 'ubuntu'), ('GIO_LAUNCHED_DESKTOP_FILE', '/usr/share/applications/code.desktop'), ('ROS_PYTHON_VERSION', '3'), ('GNOME_SHELL_SESSION_MODE', 'ubuntu'), ('GTK_MODULES', 'gail:atk-bridge'), ('VSCODE_GIT_ASKPASS_MAIN', '/usr/share/code/resources/app/extensions/git/dist/askpass-main.js'), ('LC_MONETARY', 'zh_CN.UTF-8'), ('VSCODE_GIT_ASKPASS_NODE', '/usr/share/code/code'), ('MANAGERPID', '1013'), ('PYDEVD_DISABLE_FILE_VALIDATION', '1'), ('SYSTEMD_EXEC_PID', '1216'), ('BUNDLED_DEBUGPY_PATH', '/home/ss/.vscode/extensions/ms-python.debugpy-2025.18.0-linux-x64/bundled/libs/debugpy'), ('IM_CONFIG_CHECK_ENV', '1'), ('VSCODE_PYTHON_AUTOACTIVATE_GUARD', '1'), ('DBUS_SESSION_BUS_ADDRESS', 'unix:path=/run/user/1000/bus'), ('COLORTERM', 'truecolor'), ('GIO_LAUNCHED_DESKTOP_FILE_PID', '3142'), ('IM_CONFIG_PHASE', '1'), ('WAYLAND_DISPLAY', 'wayland-0'), ('ROS_DISTRO', 'humble'), ('LOGNAME', 'ss'), ('JOURNAL_STREAM', '8:16376'), ('_', '/usr/bin/colcon'), ('ROS_VERSION', '2'), ('XDG_SESSION_CLASS', 'user'), ('USERNAME', 'ss'), ('TERM', 'xterm-256color'), ('GNOME_DESKTOP_SESSION_ID', 'this-is-deprecated'), ('FC_FONTATIONS', '1'), ('ROS_LOCALHOST_ONLY', '0'), ('PATH', '/opt/ros/humble/bin:/usr/local/sbin:/usr/local/bin:/usr/sbin:/usr/bin:/sbin:/bin:/usr/games:/usr/local/games:/snap/bin:/snap/bin:/home/ss/.vscode/extensions/ms-python.debugpy-2025.18.0-linux-x64/bundled/scripts/noConfigScripts'), ('SESSION_MANAGER', 'local/ss-virtual-machine:@/tmp/.ICE-unix/1190,unix/ss-virtual-machine:/tmp/.ICE-unix/1190'), ('INVOCATION_ID', '96784870bc864476a7a092ae39483cb9'), ('XDG_MENU_PREFIX', 'gnome-'), ('LC_ADDRESS', 'zh_CN.UTF-8'), ('GNOME_SETUP_DISPLAY', ':1'), ('XDG_RUNTIME_DIR', '/run/user/1000'), ('GDK_BACKEND', 'wayland'), ('DISPLAY', ':0'), ('VSCODE_DEBUGPY_ADAPTER_ENDPOINTS', '/home/ss/.vscode/extensions/ms-python.debugpy-2025.18.0-linux-x64/.noConfigDebugAdapterEndpoints/endpoint-7714b0d78ac9139e.txt'), ('LANG', 'en_US.UTF-8'), ('XDG_CURRENT_DESKTOP', 'ubuntu:GNOME'), ('PYTHONSTARTUP', '/home/ss/.config/Code/User/workspaceStorage/1272d6e7dd2c3b6857eab0dda4bfae3c/ms-python.python/pythonrc.py'), ('LC_TELEPHONE', 'zh_CN.UTF-8'), ('XMODIFIERS', '@im=ibus'), ('XDG_SESSION_DESKTOP', 'ubuntu'), ('XAUTHORITY', '/run/user/1000/.mutter-Xwaylandauth.EHKXM3'), ('LS_COLORS', 'rs=0:di=01;34:ln=01;36:mh=00:pi=40;33:so=01;35:do=01;35:bd=40;33;01:cd=40;33;01:or=40;31;01:mi=00:su=37;41:sg=30;43:ca=30;41:tw=30;42:ow=34;42:st=37;44:ex=01;32:*.tar=01;31:*.tgz=01;31:*.arc=01;31:*.arj=01;31:*.taz=01;31:*.lha=01;31:*.lz4=01;31:*.lzh=01;31:*.lzma=01;31:*.tlz=01;31:*.txz=01;31:*.tzo=01;31:*.t7z=01;31:*.zip=01;31:*.z=01;31:*.dz=01;31:*.gz=01;31:*.lrz=01;31:*.lz=01;31:*.lzo=01;31:*.xz=01;31:*.zst=01;31:*.tzst=01;31:*.bz2=01;31:*.bz=01;31:*.tbz=01;31:*.tbz2=01;31:*.tz=01;31:*.deb=01;31:*.rpm=01;31:*.jar=01;31:*.war=01;31:*.ear=01;31:*.sar=01;31:*.rar=01;31:*.alz=01;31:*.ace=01;31:*.zoo=01;31:*.cpio=01;31:*.7z=01;31:*.rz=01;31:*.cab=01;31:*.wim=01;31:*.swm=01;31:*.dwm=01;31:*.esd=01;31:*.jpg=01;35:*.jpeg=01;35:*.mjpg=01;35:*.mjpeg=01;35:*.gif=01;35:*.bmp=01;35:*.pbm=01;35:*.pgm=01;35:*.ppm=01;35:*.tga=01;35:*.xbm=01;35:*.xpm=01;35:*.tif=01;35:*.tiff=01;35:*.png=01;35:*.svg=01;35:*.svgz=01;35:*.mng=01;35:*.pcx=01;35:*.mov=01;35:*.mpg=01;35:*.mpeg=01;35:*.m2v=01;35:*.mkv=01;35:*.webm=01;35:*.webp=01;35:*.ogm=01;35:*.mp4=01;35:*.m4v=01;35:*.mp4v=01;35:*.vob=01;35:*.qt=01;35:*.nuv=01;35:*.wmv=01;35:*.asf=01;35:*.rm=01;35:*.rmvb=01;35:*.flc=01;35:*.avi=01;35:*.fli=01;35:*.flv=01;35:*.gl=01;35:*.dl=01;35:*.xcf=01;35:*.xwd=01;35:*.yuv=01;35:*.cgm=01;35:*.emf=01;35:*.ogv=01;35:*.ogx=01;35:*.aac=00;36:*.au=00;36:*.flac=00;36:*.m4a=00;36:*.mid=00;36:*.midi=00;36:*.mka=00;36:*.mp3=00;36:*.mpc=00;36:*.ogg=00;36:*.ra=00;36:*.wav=00;36:*.oga=00;36:*.opus=00;36:*.spx=00;36:*.xspf=00;36:'), ('VSCODE_GIT_IPC_HANDLE', '/run/user/1000/vscode-git-32e79d8df5.sock'), ('TERM_PROGRAM', 'vscode'), ('SSH_AGENT_LAUNCHER', 'gnome-keyring'), ('SSH_AUTH_SOCK', '/run/user/1000/keyring/ssh'), ('AMENT_PREFIX_PATH', '/opt/ros/humble'), ('SHELL', '/bin/bash'), ('LC_NAME', 'zh_CN.UTF-8'), ('QT_ACCESSIBILITY', '1'), ('GDMSESSION', 'ubuntu'), ('LESSCLOSE', '/usr/bin/lesspipe %s %s'), ('LC_MEASUREMENT', 'zh_CN.UTF-8'), ('GJS_DEBUG_OUTPUT', 'stderr'), ('LC_IDENTIFICATION', 'zh_CN.UTF-8'), ('VSCODE_GIT_ASKPASS_EXTRA_ARGS', ''), ('QT_IM_MODULE', 'ibus'), ('PWD', '/home/ss/uvms/uvms3_hal/build/hal'), ('XDG_CONFIG_DIRS', '/etc/xdg/xdg-ubuntu:/etc/xdg'), ('XDG_DATA_DIRS', '/usr/share/ubuntu:/usr/local/share/:/usr/share/:/var/lib/snapd/desktop'), ('PYTHONPATH', '/opt/ros/humble/lib/python3.10/site-packages:/opt/ros/humble/local/lib/python3.10/dist-packages'), ('LC_NUMERIC', 'zh_CN.UTF-8'), ('LC_PAPER', 'zh_CN.UTF-8'), ('COLCON', '1'), ('CMAKE_PREFIX_PATH', '/opt/ros/humble')]), 'shell': False}
[3.369137] (-) TimerEvent: {}
[3.371517] (hal) StdoutLine: {'line': b'[  1%] \x1b[34m\x1b[1mGenerating C code for ROS interfaces\x1b[0m\n'}
[3.390582] (hal) StdoutLine: {'line': b'[  1%] \x1b[34m\x1b[1mGenerating C++ code for ROS interfaces\x1b[0m\n'}
[3.469237] (-) TimerEvent: {}
[3.569536] (-) TimerEvent: {}
[3.670102] (-) TimerEvent: {}
[3.771284] (-) TimerEvent: {}
[3.871605] (-) TimerEvent: {}
[3.972394] (-) TimerEvent: {}
[4.074338] (-) TimerEvent: {}
[4.174930] (-) TimerEvent: {}
[4.275487] (-) TimerEvent: {}
[4.368910] (hal) StdoutLine: {'line': b'[  1%] Built target hal__cpp\n'}
[4.375586] (-) TimerEvent: {}
[4.416220] (hal) StdoutLine: {'line': b'[  1%] Built target ament_cmake_python_copy_hal\n'}
[4.449870] (hal) StdoutLine: {'line': b'[  2%] \x1b[32mBuilding CXX object CMakeFiles/hal_manipulator_node.dir/src/hal_manipulator_main.cpp.o\x1b[0m\n'}
[4.475703] (-) TimerEvent: {}
[4.503639] (hal) StdoutLine: {'line': b'[  3%] \x1b[32mBuilding C object CMakeFiles/hal__rosidl_generator_c.dir/rosidl_generator_c/hal/msg/detail/hal_tailservo_msg__functions.c.o\x1b[0m\n'}
[4.575813] (-) TimerEvent: {}
[4.580151] (hal) StdoutLine: {'line': b'[  4%] \x1b[32mBuilding C object CMakeFiles/hal__rosidl_generator_c.dir/rosidl_generator_c/hal/msg/detail/hal_wingservo_msg__functions.c.o\x1b[0m\n'}
[4.649483] (hal) StdoutLine: {'line': b'[  5%] \x1b[32mBuilding C object CMakeFiles/hal__rosidl_generator_c.dir/rosidl_generator_c/hal/msg/detail/hal_mainthruster_msg__functions.c.o\x1b[0m\n'}
[4.678064] (-) TimerEvent: {}
[4.695087] (hal) StdoutLine: {'line': b'[  6%] \x1b[32mBuilding C object CMakeFiles/hal__rosidl_generator_c.dir/rosidl_generator_c/hal/msg/detail/hal_auxithruster_msg__functions.c.o\x1b[0m\n'}
[4.757166] (hal) StdoutLine: {'line': b'[  7%] \x1b[32mBuilding C object CMakeFiles/hal__rosidl_generator_c.dir/rosidl_generator_c/hal/srv/detail/hal_servocontrol_srv__functions.c.o\x1b[0m\n'}
[4.778374] (-) TimerEvent: {}
[4.824165] (hal) StdoutLine: {'line': b'[  8%] \x1b[32mBuilding C object CMakeFiles/hal__rosidl_generator_c.dir/rosidl_generator_c/hal/srv/detail/hal_thrustercontrol_srv__functions.c.o\x1b[0m\n'}
[4.889822] (-) TimerEvent: {}
[4.907256] (hal) StdoutLine: {'line': b'[  9%] \x1b[32mBuilding C object CMakeFiles/hal__rosidl_generator_c.dir/rosidl_generator_c/hal/msg/detail/hal_battery_msg__functions.c.o\x1b[0m\n'}
[4.972422] (hal) StdoutLine: {'line': b'[ 10%] \x1b[32mBuilding C object CMakeFiles/hal__rosidl_generator_c.dir/rosidl_generator_c/hal/srv/detail/hal_battery_control_srv__functions.c.o\x1b[0m\n'}
[4.992504] (-) TimerEvent: {}
[5.045275] (hal) StdoutLine: {'line': b'[ 11%] \x1b[32m\x1b[1mLinking C shared library libhal__rosidl_generator_c.so\x1b[0m\n'}
[5.094091] (hal) StdoutLine: {'line': b'[ 11%] Built target hal__rosidl_generator_c\n'}
[5.094255] (-) TimerEvent: {}
[5.115362] (hal) StdoutLine: {'line': b'[ 12%] \x1b[32mBuilding CXX object CMakeFiles/hal_manipulator_node.dir/src/hal_manipulator_node.cpp.o\x1b[0m\n'}
[5.194387] (-) TimerEvent: {}
[5.294699] (-) TimerEvent: {}
[5.400384] (-) TimerEvent: {}
[5.500686] (-) TimerEvent: {}
[5.602694] (-) TimerEvent: {}
[5.703438] (-) TimerEvent: {}
[5.804066] (-) TimerEvent: {}
[5.904702] (-) TimerEvent: {}
[6.007397] (-) TimerEvent: {}
[6.108687] (-) TimerEvent: {}
[6.209548] (-) TimerEvent: {}
[6.309882] (-) TimerEvent: {}
[6.437777] (-) TimerEvent: {}
[6.555922] (-) TimerEvent: {}
[6.685615] (-) TimerEvent: {}
[6.786444] (-) TimerEvent: {}
[6.888648] (-) TimerEvent: {}
[6.994633] (-) TimerEvent: {}
[7.095013] (-) TimerEvent: {}
[7.425125] (-) TimerEvent: {}
[7.532686] (-) TimerEvent: {}
[7.816139] (-) TimerEvent: {}
[7.931874] (-) TimerEvent: {}
[8.042190] (-) TimerEvent: {}
[8.391748] (-) TimerEvent: {}
[8.641149] (-) TimerEvent: {}
[8.745215] (-) TimerEvent: {}
[8.845994] (-) TimerEvent: {}
[9.047385] (-) TimerEvent: {}
[9.416505] (-) TimerEvent: {}
[9.534195] (-) TimerEvent: {}
[9.774610] (-) TimerEvent: {}
[9.887687] (-) TimerEvent: {}
[10.037921] (-) TimerEvent: {}
[10.147555] (-) TimerEvent: {}
[10.384594] (-) TimerEvent: {}
[10.546642] (-) TimerEvent: {}
[10.686096] (-) TimerEvent: {}
[10.807795] (-) TimerEvent: {}
[10.912155] (-) TimerEvent: {}
[11.014163] (-) TimerEvent: {}
[11.122853] (-) TimerEvent: {}
[11.223761] (-) TimerEvent: {}
[11.333247] (-) TimerEvent: {}
[11.436028] (-) TimerEvent: {}
[11.579307] (-) TimerEvent: {}
[11.690507] (-) TimerEvent: {}
[11.798427] (-) TimerEvent: {}
[11.906608] (-) TimerEvent: {}
[12.023495] (-) TimerEvent: {}
[12.150537] (-) TimerEvent: {}
[12.269553] (-) TimerEvent: {}
[12.425737] (-) TimerEvent: {}
[12.549976] (-) TimerEvent: {}
[12.674653] (-) TimerEvent: {}
[12.837401] (-) TimerEvent: {}
[12.948637] (-) TimerEvent: {}
[13.060269] (-) TimerEvent: {}
[13.171272] (-) TimerEvent: {}
[13.288280] (-) TimerEvent: {}
[13.388803] (-) TimerEvent: {}
[13.527851] (-) TimerEvent: {}
[13.668924] (-) TimerEvent: {}
[13.770289] (-) TimerEvent: {}
[13.899226] (-) TimerEvent: {}
[14.001037] (-) TimerEvent: {}
[14.122789] (-) TimerEvent: {}
[14.236530] (-) TimerEvent: {}
[14.342480] (-) TimerEvent: {}
[14.474313] (-) TimerEvent: {}
[14.578108] (-) TimerEvent: {}
[14.708976] (-) TimerEvent: {}
[14.874721] (-) TimerEvent: {}
[14.997991] (-) TimerEvent: {}
[15.114569] (-) TimerEvent: {}
[15.236089] (-) TimerEvent: {}
[15.387995] (-) TimerEvent: {}
[15.514004] (-) TimerEvent: {}
[15.635313] (-) TimerEvent: {}
[15.781832] (-) TimerEvent: {}
[15.924212] (-) TimerEvent: {}
[16.044403] (-) TimerEvent: {}
[16.151325] (-) TimerEvent: {}
[16.269654] (-) TimerEvent: {}
[16.376172] (-) TimerEvent: {}
[16.477879] (-) TimerEvent: {}
[16.589449] (-) TimerEvent: {}
[16.689802] (-) TimerEvent: {}
[16.820248] (-) TimerEvent: {}
[16.940801] (-) TimerEvent: {}
[17.059404] (-) TimerEvent: {}
[17.159889] (-) TimerEvent: {}
[17.266296] (-) TimerEvent: {}
[17.366674] (-) TimerEvent: {}
[17.467117] (-) TimerEvent: {}
[17.574987] (-) TimerEvent: {}
[17.675308] (-) TimerEvent: {}
[17.784276] (-) TimerEvent: {}
[17.892091] (-) TimerEvent: {}
[17.993126] (-) TimerEvent: {}
[18.094537] (-) TimerEvent: {}
[18.195874] (-) TimerEvent: {}
[18.310790] (-) TimerEvent: {}
[18.415843] (-) TimerEvent: {}
[18.518998] (-) TimerEvent: {}
[18.623119] (-) TimerEvent: {}
[18.883921] (-) TimerEvent: {}
[19.031779] (-) TimerEvent: {}
[19.132108] (-) TimerEvent: {}
[19.244206] (-) TimerEvent: {}
[19.369830] (-) TimerEvent: {}
[19.513151] (-) TimerEvent: {}
[19.616135] (-) TimerEvent: {}
[19.716437] (-) TimerEvent: {}
[19.822934] (-) TimerEvent: {}
[20.013941] (-) TimerEvent: {}
[20.119836] (-) TimerEvent: {}
[20.222652] (-) TimerEvent: {}
[20.422999] (-) TimerEvent: {}
[20.534275] (-) TimerEvent: {}
[20.634765] (-) TimerEvent: {}
[20.754144] (-) TimerEvent: {}
[20.874310] (-) TimerEvent: {}
[21.177742] (-) TimerEvent: {}
[21.352590] (-) TimerEvent: {}
[21.514618] (-) TimerEvent: {}
[21.627120] (-) TimerEvent: {}
[21.834010] (-) TimerEvent: {}
[21.943422] (-) TimerEvent: {}
[22.058708] (-) TimerEvent: {}
[22.161121] (-) TimerEvent: {}
[22.295011] (-) TimerEvent: {}
[22.434586] (-) TimerEvent: {}
[22.534993] (-) TimerEvent: {}
[22.635480] (-) TimerEvent: {}
[22.896321] (-) TimerEvent: {}
[23.028321] (-) TimerEvent: {}
[23.158885] (-) TimerEvent: {}
[23.436530] (-) TimerEvent: {}
[23.679534] (-) TimerEvent: {}
[23.987382] (-) TimerEvent: {}
[24.168725] (-) TimerEvent: {}
[24.322225] (-) TimerEvent: {}
[24.542890] (-) TimerEvent: {}
[24.729210] (-) TimerEvent: {}
[25.182624] (-) TimerEvent: {}
[25.314261] (-) TimerEvent: {}
[25.688534] (-) TimerEvent: {}
[25.830578] (-) TimerEvent: {}
[25.930998] (-) TimerEvent: {}
[26.259200] (-) TimerEvent: {}
[26.400036] (-) TimerEvent: {}
[27.024151] (-) TimerEvent: {}
[27.240168] (-) TimerEvent: {}
[27.419166] (-) TimerEvent: {}
[27.923155] (-) TimerEvent: {}
[28.128120] (-) TimerEvent: {}
[28.405977] (-) TimerEvent: {}
[28.516472] (-) TimerEvent: {}
[32.813910] (-) TimerEvent: {}
[32.941569] (-) TimerEvent: {}
[33.398667] (-) TimerEvent: {}
[33.698115] (-) TimerEvent: {}
[33.813735] (-) TimerEvent: {}
[33.997937] (-) TimerEvent: {}
[34.175943] (-) TimerEvent: {}
[34.414154] (-) TimerEvent: {}
[34.540284] (-) TimerEvent: {}
[34.677629] (-) TimerEvent: {}
[36.076808] (-) TimerEvent: {}
[36.710135] (-) TimerEvent: {}
[37.138208] (-) TimerEvent: {}
[37.578882] (-) TimerEvent: {}
[38.052905] (-) TimerEvent: {}
[38.513638] (-) TimerEvent: {}
[38.877590] (-) TimerEvent: {}
[39.215083] (-) TimerEvent: {}
[39.330726] (-) TimerEvent: {}
[39.440127] (-) TimerEvent: {}
[40.004442] (-) TimerEvent: {}
[40.110383] (-) TimerEvent: {}
[40.504204] (-) TimerEvent: {}
[40.756344] (-) TimerEvent: {}
[40.893819] (-) TimerEvent: {}
[40.994359] (-) TimerEvent: {}
[41.096189] (-) TimerEvent: {}
[41.196553] (-) TimerEvent: {}
[41.296854] (-) TimerEvent: {}
[41.408757] (-) TimerEvent: {}
[41.544716] (-) TimerEvent: {}
[41.660515] (-) TimerEvent: {}
[41.762204] (-) TimerEvent: {}
[41.864114] (-) TimerEvent: {}
[41.964896] (-) TimerEvent: {}
[42.066110] (-) TimerEvent: {}
[42.166428] (-) TimerEvent: {}
[42.330299] (-) TimerEvent: {}
[42.550339] (-) TimerEvent: {}
[42.926971] (-) TimerEvent: {}
[43.128450] (-) TimerEvent: {}
[43.235986] (-) TimerEvent: {}
[43.374634] (-) TimerEvent: {}
[43.526637] (-) TimerEvent: {}
[43.627053] (-) TimerEvent: {}
[43.729114] (-) TimerEvent: {}
[43.829796] (-) TimerEvent: {}
[43.930478] (-) TimerEvent: {}
[44.030841] (-) TimerEvent: {}
[44.131218] (-) TimerEvent: {}
[44.232035] (-) TimerEvent: {}
[44.332628] (-) TimerEvent: {}
[44.433708] (-) TimerEvent: {}
[44.535301] (-) TimerEvent: {}
[44.635942] (-) TimerEvent: {}
[44.736675] (-) TimerEvent: {}
[44.838162] (-) TimerEvent: {}
[44.938899] (-) TimerEvent: {}
[45.039304] (-) TimerEvent: {}
[45.140055] (-) TimerEvent: {}
[45.241613] (-) TimerEvent: {}
[45.341949] (-) TimerEvent: {}
[45.442533] (-) TimerEvent: {}
[45.542990] (-) TimerEvent: {}
[45.643604] (-) TimerEvent: {}
[45.744004] (-) TimerEvent: {}
[45.844427] (-) TimerEvent: {}
[45.944970] (-) TimerEvent: {}
[46.045349] (-) TimerEvent: {}
[46.145747] (-) TimerEvent: {}
[46.246144] (-) TimerEvent: {}
[46.346772] (-) TimerEvent: {}
[46.447194] (-) TimerEvent: {}
[46.547667] (-) TimerEvent: {}
[46.648320] (-) TimerEvent: {}
[46.748899] (-) TimerEvent: {}
[46.849319] (-) TimerEvent: {}
[46.949913] (-) TimerEvent: {}
[47.050250] (-) TimerEvent: {}
[47.150591] (-) TimerEvent: {}
[47.250928] (-) TimerEvent: {}
[47.351385] (-) TimerEvent: {}
[47.451832] (-) TimerEvent: {}
[47.552184] (-) TimerEvent: {}
[47.652555] (-) TimerEvent: {}
[47.753114] (-) TimerEvent: {}
[47.853748] (-) TimerEvent: {}
[47.954407] (-) TimerEvent: {}
[48.054777] (-) TimerEvent: {}
[48.155156] (-) TimerEvent: {}
[48.255496] (-) TimerEvent: {}
[48.355845] (-) TimerEvent: {}
[48.456169] (-) TimerEvent: {}
[48.556849] (-) TimerEvent: {}
[48.657188] (-) TimerEvent: {}
[48.757790] (-) TimerEvent: {}
[48.858151] (-) TimerEvent: {}
[48.958502] (-) TimerEvent: {}
[49.058837] (-) TimerEvent: {}
[49.159225] (-) TimerEvent: {}
[49.259551] (-) TimerEvent: {}
[49.359898] (-) TimerEvent: {}
[50.058622] (-) TimerEvent: {}
[50.175885] (-) TimerEvent: {}
[50.489287] (-) TimerEvent: {}
[50.593220] (-) TimerEvent: {}
[50.764234] (-) TimerEvent: {}
[51.073003] (-) TimerEvent: {}
[51.183846] (-) TimerEvent: {}
[51.284660] (-) TimerEvent: {}
[51.413024] (-) TimerEvent: {}
[51.515199] (-) TimerEvent: {}
[51.615003] (hal) StdoutLine: {'line': b'[ 13%] \x1b[32mBuilding CXX object CMakeFiles/hal_manipulator_node.dir/src/hal_manipulator_protocol.cpp.o\x1b[0m\n'}
[51.615312] (-) TimerEvent: {}
[51.715998] (-) TimerEvent: {}
[51.816658] (-) TimerEvent: {}
[51.917238] (-) TimerEvent: {}
[52.018214] (-) TimerEvent: {}
[52.118934] (-) TimerEvent: {}
[52.220484] (-) TimerEvent: {}
[52.321651] (-) TimerEvent: {}
[52.363158] (hal) StdoutLine: {'line': b'[ 14%] \x1b[32mBuilding CXX object CMakeFiles/hal_manipulator_node.dir/src/hal_manipulator_can.cpp.o\x1b[0m\n'}
[52.421815] (-) TimerEvent: {}
[52.522591] (-) TimerEvent: {}
[52.623221] (-) TimerEvent: {}
[52.724034] (-) TimerEvent: {}
[52.824658] (-) TimerEvent: {}
[52.923313] (hal) StdoutLine: {'line': b'[ 15%] \x1b[32mBuilding CXX object CMakeFiles/hal_manipulator_node.dir/src/hal_manipulator_safety.cpp.o\x1b[0m\n'}
[52.924777] (-) TimerEvent: {}
[53.025048] (-) TimerEvent: {}
[53.127290] (-) TimerEvent: {}
[53.227692] (-) TimerEvent: {}
[53.297589] (hal) StdoutLine: {'line': b'[ 16%] \x1b[32m\x1b[1mLinking CXX executable hal_manipulator_node\x1b[0m\n'}
[53.327895] (-) TimerEvent: {}
[53.428355] (-) TimerEvent: {}
[53.528758] (-) TimerEvent: {}
[53.629165] (-) TimerEvent: {}
[53.731029] (-) TimerEvent: {}
[53.831578] (-) TimerEvent: {}
[53.931883] (-) TimerEvent: {}
[54.032343] (-) TimerEvent: {}
[54.132672] (-) TimerEvent: {}
[54.235978] (-) TimerEvent: {}
[54.293196] (hal) StdoutLine: {'line': b'[ 16%] Built target hal_manipulator_node\n'}
[54.304340] (hal) StdoutLine: {'line': b'[ 17%] \x1b[34m\x1b[1mGenerating C++ type support dispatch for ROS interfaces\x1b[0m\n'}
[54.336168] (-) TimerEvent: {}
[54.437096] (-) TimerEvent: {}
[54.537683] (-) TimerEvent: {}
[54.640231] (-) TimerEvent: {}
[54.740504] (-) TimerEvent: {}
[54.840811] (-) TimerEvent: {}
[54.884835] (hal) StdoutLine: {'line': b'[ 17%] \x1b[32mBuilding CXX object CMakeFiles/hal__rosidl_typesupport_cpp.dir/rosidl_typesupport_cpp/hal/msg/hal_tailservo_msg__type_support.cpp.o\x1b[0m\n'}
[54.940976] (-) TimerEvent: {}
[55.041665] (-) TimerEvent: {}
[55.138866] (hal) StdoutLine: {'line': b'[ 18%] \x1b[32mBuilding CXX object CMakeFiles/hal__rosidl_typesupport_cpp.dir/rosidl_typesupport_cpp/hal/msg/hal_wingservo_msg__type_support.cpp.o\x1b[0m\n'}
[55.143094] (-) TimerEvent: {}
[55.243579] (-) TimerEvent: {}
[55.340358] (hal) StdoutLine: {'line': b'[ 19%] \x1b[32mBuilding CXX object CMakeFiles/hal__rosidl_typesupport_cpp.dir/rosidl_typesupport_cpp/hal/msg/hal_mainthruster_msg__type_support.cpp.o\x1b[0m\n'}
[55.343683] (-) TimerEvent: {}
[55.444385] (-) TimerEvent: {}
[55.544710] (-) TimerEvent: {}
[55.553867] (hal) StdoutLine: {'line': b'[ 20%] \x1b[32mBuilding CXX object CMakeFiles/hal__rosidl_typesupport_cpp.dir/rosidl_typesupport_cpp/hal/msg/hal_auxithruster_msg__type_support.cpp.o\x1b[0m\n'}
[55.644828] (-) TimerEvent: {}
[55.745212] (hal) StdoutLine: {'line': b'[ 21%] \x1b[32mBuilding CXX object CMakeFiles/hal__rosidl_typesupport_cpp.dir/rosidl_typesupport_cpp/hal/srv/hal_servocontrol_srv__type_support.cpp.o\x1b[0m\n'}
[55.745376] (-) TimerEvent: {}
[55.845826] (-) TimerEvent: {}
[55.935146] (hal) StdoutLine: {'line': b'[ 22%] \x1b[32mBuilding CXX object CMakeFiles/hal__rosidl_typesupport_cpp.dir/rosidl_typesupport_cpp/hal/srv/hal_thrustercontrol_srv__type_support.cpp.o\x1b[0m\n'}
[55.945963] (-) TimerEvent: {}
[56.046509] (-) TimerEvent: {}
[56.118086] (hal) StdoutLine: {'line': b'[ 23%] \x1b[32mBuilding CXX object CMakeFiles/hal__rosidl_typesupport_cpp.dir/rosidl_typesupport_cpp/hal/msg/hal_battery_msg__type_support.cpp.o\x1b[0m\n'}
[56.148106] (-) TimerEvent: {}
[56.248427] (-) TimerEvent: {}
[56.296009] (hal) StdoutLine: {'line': b'[ 24%] \x1b[32mBuilding CXX object CMakeFiles/hal__rosidl_typesupport_cpp.dir/rosidl_typesupport_cpp/hal/srv/hal_battery_control_srv__type_support.cpp.o\x1b[0m\n'}
[56.348540] (-) TimerEvent: {}
[56.448978] (-) TimerEvent: {}
[56.484191] (hal) StdoutLine: {'line': b'[ 25%] \x1b[32m\x1b[1mLinking CXX shared library libhal__rosidl_typesupport_cpp.so\x1b[0m\n'}
[56.522622] (hal) StdoutLine: {'line': b'[ 25%] Built target hal__rosidl_typesupport_cpp\n'}
[56.532771] (hal) StdoutLine: {'line': b'[ 26%] \x1b[34m\x1b[1mGenerating C type support for eProsima Fast-RTPS\x1b[0m\n'}
[56.549016] (-) TimerEvent: {}
[56.649631] (-) TimerEvent: {}
[56.749916] (-) TimerEvent: {}
[56.850250] (-) TimerEvent: {}
[56.950764] (-) TimerEvent: {}
[57.051215] (-) TimerEvent: {}
[57.111171] (hal) StdoutLine: {'line': b'[ 27%] \x1b[32mBuilding CXX object CMakeFiles/hal__rosidl_typesupport_fastrtps_c.dir/rosidl_typesupport_fastrtps_c/hal/msg/detail/hal_tailservo_msg__type_support_c.cpp.o\x1b[0m\n'}
[57.151370] (-) TimerEvent: {}
[57.252042] (-) TimerEvent: {}
[57.352927] (-) TimerEvent: {}
[57.453863] (-) TimerEvent: {}
[57.554824] (-) TimerEvent: {}
[57.585441] (hal) StdoutLine: {'line': b'[ 28%] \x1b[32mBuilding CXX object CMakeFiles/hal__rosidl_typesupport_fastrtps_c.dir/rosidl_typesupport_fastrtps_c/hal/msg/detail/hal_wingservo_msg__type_support_c.cpp.o\x1b[0m\n'}
[57.654960] (-) TimerEvent: {}
[57.755752] (-) TimerEvent: {}
[57.825021] (hal) StdoutLine: {'line': b'[ 29%] \x1b[32mBuilding CXX object CMakeFiles/hal__rosidl_typesupport_fastrtps_c.dir/rosidl_typesupport_fastrtps_c/hal/msg/detail/hal_mainthruster_msg__type_support_c.cpp.o\x1b[0m\n'}
[57.855990] (-) TimerEvent: {}
[57.956366] (-) TimerEvent: {}
[58.057601] (-) TimerEvent: {}
[58.062417] (hal) StdoutLine: {'line': b'[ 30%] \x1b[32mBuilding CXX object CMakeFiles/hal__rosidl_typesupport_fastrtps_c.dir/rosidl_typesupport_fastrtps_c/hal/msg/detail/hal_auxithruster_msg__type_support_c.cpp.o\x1b[0m\n'}
[58.157739] (-) TimerEvent: {}
[58.258414] (-) TimerEvent: {}
[58.307671] (hal) StdoutLine: {'line': b'[ 31%] \x1b[32mBuilding CXX object CMakeFiles/hal__rosidl_typesupport_fastrtps_c.dir/rosidl_typesupport_fastrtps_c/hal/srv/detail/hal_servocontrol_srv__type_support_c.cpp.o\x1b[0m\n'}
[58.358568] (-) TimerEvent: {}
[58.458954] (-) TimerEvent: {}
[58.559528] (-) TimerEvent: {}
[58.660246] (-) TimerEvent: {}
[58.696193] (hal) StdoutLine: {'line': b'[ 32%] \x1b[32mBuilding CXX object CMakeFiles/hal__rosidl_typesupport_fastrtps_c.dir/rosidl_typesupport_fastrtps_c/hal/srv/detail/hal_thrustercontrol_srv__type_support_c.cpp.o\x1b[0m\n'}
[58.760397] (-) TimerEvent: {}
[58.861144] (-) TimerEvent: {}
[58.945703] (hal) StdoutLine: {'line': b'[ 33%] \x1b[32mBuilding CXX object CMakeFiles/hal__rosidl_typesupport_fastrtps_c.dir/rosidl_typesupport_fastrtps_c/hal/msg/detail/hal_battery_msg__type_support_c.cpp.o\x1b[0m\n'}
[58.961309] (-) TimerEvent: {}
[59.062072] (-) TimerEvent: {}
[59.163023] (-) TimerEvent: {}
[59.170353] (hal) StdoutLine: {'line': b'[ 34%] \x1b[32mBuilding CXX object CMakeFiles/hal__rosidl_typesupport_fastrtps_c.dir/rosidl_typesupport_fastrtps_c/hal/srv/detail/hal_battery_control_srv__type_support_c.cpp.o\x1b[0m\n'}
[59.263221] (-) TimerEvent: {}
[59.363605] (-) TimerEvent: {}
[59.420076] (hal) StdoutLine: {'line': b'[ 35%] \x1b[32m\x1b[1mLinking CXX shared library libhal__rosidl_typesupport_fastrtps_c.so\x1b[0m\n'}
[59.464168] (-) TimerEvent: {}
[59.496212] (hal) StdoutLine: {'line': b'[ 35%] Built target hal__rosidl_typesupport_fastrtps_c\n'}
[59.510511] (hal) StdoutLine: {'line': b'[ 36%] \x1b[34m\x1b[1mGenerating C++ type support for eProsima Fast-RTPS\x1b[0m\n'}
[59.564388] (-) TimerEvent: {}
[59.664792] (-) TimerEvent: {}
[59.766179] (-) TimerEvent: {}
[59.866563] (-) TimerEvent: {}
[59.966911] (-) TimerEvent: {}
[60.067264] (-) TimerEvent: {}
[60.138979] (hal) StdoutLine: {'line': b'[ 37%] \x1b[32mBuilding CXX object CMakeFiles/hal__rosidl_typesupport_fastrtps_cpp.dir/rosidl_typesupport_fastrtps_cpp/hal/msg/detail/dds_fastrtps/hal_tailservo_msg__type_support.cpp.o\x1b[0m\n'}
[60.168117] (-) TimerEvent: {}
[60.268699] (-) TimerEvent: {}
[60.369062] (-) TimerEvent: {}
[60.469481] (-) TimerEvent: {}
[60.476998] (hal) StdoutLine: {'line': b'[ 38%] \x1b[32mBuilding CXX object CMakeFiles/hal__rosidl_typesupport_fastrtps_cpp.dir/rosidl_typesupport_fastrtps_cpp/hal/msg/detail/dds_fastrtps/hal_wingservo_msg__type_support.cpp.o\x1b[0m\n'}
[60.570074] (-) TimerEvent: {}
[60.671368] (-) TimerEvent: {}
[60.774137] (-) TimerEvent: {}
[60.775058] (hal) StdoutLine: {'line': b'[ 39%] \x1b[32mBuilding CXX object CMakeFiles/hal__rosidl_typesupport_fastrtps_cpp.dir/rosidl_typesupport_fastrtps_cpp/hal/msg/detail/dds_fastrtps/hal_mainthruster_msg__type_support.cpp.o\x1b[0m\n'}
[60.877128] (-) TimerEvent: {}
[60.979260] (-) TimerEvent: {}
[61.067537] (hal) StdoutLine: {'line': b'[ 40%] \x1b[32mBuilding CXX object CMakeFiles/hal__rosidl_typesupport_fastrtps_cpp.dir/rosidl_typesupport_fastrtps_cpp/hal/msg/detail/dds_fastrtps/hal_auxithruster_msg__type_support.cpp.o\x1b[0m\n'}
[61.080105] (-) TimerEvent: {}
[61.180709] (-) TimerEvent: {}
[61.281003] (-) TimerEvent: {}
[61.368136] (hal) StdoutLine: {'line': b'[ 41%] \x1b[32mBuilding CXX object CMakeFiles/hal__rosidl_typesupport_fastrtps_cpp.dir/rosidl_typesupport_fastrtps_cpp/hal/srv/detail/dds_fastrtps/hal_servocontrol_srv__type_support.cpp.o\x1b[0m\n'}
[61.381110] (-) TimerEvent: {}
[61.481589] (-) TimerEvent: {}
[61.582291] (-) TimerEvent: {}
[61.652930] (hal) StdoutLine: {'line': b'[ 42%] \x1b[32mBuilding CXX object CMakeFiles/hal__rosidl_typesupport_fastrtps_cpp.dir/rosidl_typesupport_fastrtps_cpp/hal/srv/detail/dds_fastrtps/hal_thrustercontrol_srv__type_support.cpp.o\x1b[0m\n'}
[61.682407] (-) TimerEvent: {}
[61.782735] (-) TimerEvent: {}
[61.883029] (-) TimerEvent: {}
[61.936816] (hal) StdoutLine: {'line': b'[ 43%] \x1b[32mBuilding CXX object CMakeFiles/hal__rosidl_typesupport_fastrtps_cpp.dir/rosidl_typesupport_fastrtps_cpp/hal/msg/detail/dds_fastrtps/hal_battery_msg__type_support.cpp.o\x1b[0m\n'}
[61.983134] (-) TimerEvent: {}
[62.084237] (-) TimerEvent: {}
[62.184539] (-) TimerEvent: {}
[62.219639] (hal) StdoutLine: {'line': b'[ 44%] \x1b[32mBuilding CXX object CMakeFiles/hal__rosidl_typesupport_fastrtps_cpp.dir/rosidl_typesupport_fastrtps_cpp/hal/srv/detail/dds_fastrtps/hal_battery_control_srv__type_support.cpp.o\x1b[0m\n'}
[62.286111] (-) TimerEvent: {}
[62.386411] (-) TimerEvent: {}
[62.486737] (-) TimerEvent: {}
[62.515416] (hal) StdoutLine: {'line': b'[ 45%] \x1b[32m\x1b[1mLinking CXX shared library libhal__rosidl_typesupport_fastrtps_cpp.so\x1b[0m\n'}
[62.586822] (-) TimerEvent: {}
[62.587113] (hal) StdoutLine: {'line': b'[ 45%] Built target hal__rosidl_typesupport_fastrtps_cpp\n'}
[62.600860] (hal) StdoutLine: {'line': b'[ 46%] \x1b[34m\x1b[1mGenerating C introspection for ROS interfaces\x1b[0m\n'}
[62.686920] (-) TimerEvent: {}
[62.789252] (-) TimerEvent: {}
[62.889579] (-) TimerEvent: {}
[62.989864] (-) TimerEvent: {}
[63.090116] (-) TimerEvent: {}
[63.190424] (-) TimerEvent: {}
[63.193466] (hal) StdoutLine: {'line': b'[ 47%] \x1b[32mBuilding C object CMakeFiles/hal__rosidl_typesupport_introspection_c.dir/rosidl_typesupport_introspection_c/hal/msg/detail/hal_tailservo_msg__type_support.c.o\x1b[0m\n'}
[63.290653] (-) TimerEvent: {}
[63.342805] (hal) StdoutLine: {'line': b'[ 48%] \x1b[32mBuilding C object CMakeFiles/hal__rosidl_typesupport_introspection_c.dir/rosidl_typesupport_introspection_c/hal/msg/detail/hal_wingservo_msg__type_support.c.o\x1b[0m\n'}
[63.383103] (hal) StdoutLine: {'line': b'[ 48%] \x1b[32mBuilding C object CMakeFiles/hal__rosidl_typesupport_introspection_c.dir/rosidl_typesupport_introspection_c/hal/msg/detail/hal_mainthruster_msg__type_support.c.o\x1b[0m\n'}
[63.390825] (-) TimerEvent: {}
[63.414910] (hal) StdoutLine: {'line': b'[ 49%] \x1b[32mBuilding C object CMakeFiles/hal__rosidl_typesupport_introspection_c.dir/rosidl_typesupport_introspection_c/hal/msg/detail/hal_auxithruster_msg__type_support.c.o\x1b[0m\n'}
[63.463272] (hal) StdoutLine: {'line': b'[ 50%] \x1b[32mBuilding C object CMakeFiles/hal__rosidl_typesupport_introspection_c.dir/rosidl_typesupport_introspection_c/hal/srv/detail/hal_servocontrol_srv__type_support.c.o\x1b[0m\n'}
[63.491544] (-) TimerEvent: {}
[63.498802] (hal) StdoutLine: {'line': b'[ 51%] \x1b[32mBuilding C object CMakeFiles/hal__rosidl_typesupport_introspection_c.dir/rosidl_typesupport_introspection_c/hal/srv/detail/hal_thrustercontrol_srv__type_support.c.o\x1b[0m\n'}
[63.534127] (hal) StdoutLine: {'line': b'[ 52%] \x1b[32mBuilding C object CMakeFiles/hal__rosidl_typesupport_introspection_c.dir/rosidl_typesupport_introspection_c/hal/msg/detail/hal_battery_msg__type_support.c.o\x1b[0m\n'}
[63.569364] (hal) StdoutLine: {'line': b'[ 53%] \x1b[32mBuilding C object CMakeFiles/hal__rosidl_typesupport_introspection_c.dir/rosidl_typesupport_introspection_c/hal/srv/detail/hal_battery_control_srv__type_support.c.o\x1b[0m\n'}
[63.591668] (-) TimerEvent: {}
[63.607286] (hal) StdoutLine: {'line': b'[ 54%] \x1b[32m\x1b[1mLinking C shared library libhal__rosidl_typesupport_introspection_c.so\x1b[0m\n'}
[63.646746] (hal) StdoutLine: {'line': b'[ 54%] Built target hal__rosidl_typesupport_introspection_c\n'}
[63.657805] (hal) StdoutLine: {'line': b'[ 55%] \x1b[34m\x1b[1mGenerating C type support dispatch for ROS interfaces\x1b[0m\n'}
[63.691773] (-) TimerEvent: {}
[63.794351] (-) TimerEvent: {}
[63.896166] (-) TimerEvent: {}
[63.997109] (-) TimerEvent: {}
[64.070979] (hal) StdoutLine: {'line': b'[ 56%] \x1b[32mBuilding CXX object CMakeFiles/hal__rosidl_typesupport_c.dir/rosidl_typesupport_c/hal/msg/hal_tailservo_msg__type_support.cpp.o\x1b[0m\n'}
[64.097249] (-) TimerEvent: {}
[64.100195] (hal) StdoutLine: {'line': b'[ 57%] \x1b[32mBuilding CXX object CMakeFiles/hal__rosidl_typesupport_c.dir/rosidl_typesupport_c/hal/msg/hal_wingservo_msg__type_support.cpp.o\x1b[0m\n'}
[64.136107] (hal) StdoutLine: {'line': b'[ 58%] \x1b[32mBuilding CXX object CMakeFiles/hal__rosidl_typesupport_c.dir/rosidl_typesupport_c/hal/msg/hal_mainthruster_msg__type_support.cpp.o\x1b[0m\n'}
[64.166341] (hal) StdoutLine: {'line': b'[ 59%] \x1b[32mBuilding CXX object CMakeFiles/hal__rosidl_typesupport_c.dir/rosidl_typesupport_c/hal/msg/hal_auxithruster_msg__type_support.cpp.o\x1b[0m\n'}
[64.194430] (hal) StdoutLine: {'line': b'[ 60%] \x1b[32mBuilding CXX object CMakeFiles/hal__rosidl_typesupport_c.dir/rosidl_typesupport_c/hal/srv/hal_servocontrol_srv__type_support.cpp.o\x1b[0m\n'}
[64.197372] (-) TimerEvent: {}
[64.235112] (hal) StdoutLine: {'line': b'[ 61%] \x1b[32mBuilding CXX object CMakeFiles/hal__rosidl_typesupport_c.dir/rosidl_typesupport_c/hal/srv/hal_thrustercontrol_srv__type_support.cpp.o\x1b[0m\n'}
[64.268487] (hal) StdoutLine: {'line': b'[ 62%] \x1b[32mBuilding CXX object CMakeFiles/hal__rosidl_typesupport_c.dir/rosidl_typesupport_c/hal/msg/hal_battery_msg__type_support.cpp.o\x1b[0m\n'}
[64.296595] (hal) StdoutLine: {'line': b'[ 63%] \x1b[32mBuilding CXX object CMakeFiles/hal__rosidl_typesupport_c.dir/rosidl_typesupport_c/hal/srv/hal_battery_control_srv__type_support.cpp.o\x1b[0m\n'}
[64.297494] (-) TimerEvent: {}
[64.332188] (hal) StdoutLine: {'line': b'[ 64%] \x1b[32m\x1b[1mLinking CXX shared library libhal__rosidl_typesupport_c.so\x1b[0m\n'}
[64.378628] (hal) StdoutLine: {'line': b'[ 64%] Built target hal__rosidl_typesupport_c\n'}
[64.389179] (hal) StdoutLine: {'line': b'[ 65%] \x1b[34m\x1b[1mGenerating C++ introspection for ROS interfaces\x1b[0m\n'}
[64.397602] (-) TimerEvent: {}
[64.497815] (-) TimerEvent: {}
[64.600355] (-) TimerEvent: {}
[64.700889] (-) TimerEvent: {}
[64.801463] (-) TimerEvent: {}
[64.902012] (-) TimerEvent: {}
[64.976421] (hal) StdoutLine: {'line': b'[ 66%] \x1b[32mBuilding CXX object CMakeFiles/hal__rosidl_typesupport_introspection_cpp.dir/rosidl_typesupport_introspection_cpp/hal/msg/detail/hal_tailservo_msg__type_support.cpp.o\x1b[0m\n'}
[65.008112] (-) TimerEvent: {}
[65.108415] (-) TimerEvent: {}
[65.208988] (-) TimerEvent: {}
[65.309523] (-) TimerEvent: {}
[65.325350] (hal) StdoutLine: {'line': b'[ 67%] \x1b[32mBuilding CXX object CMakeFiles/hal__rosidl_typesupport_introspection_cpp.dir/rosidl_typesupport_introspection_cpp/hal/msg/detail/hal_wingservo_msg__type_support.cpp.o\x1b[0m\n'}
[65.409708] (-) TimerEvent: {}
[65.510110] (-) TimerEvent: {}
[65.591198] (hal) StdoutLine: {'line': b'[ 68%] \x1b[32mBuilding CXX object CMakeFiles/hal__rosidl_typesupport_introspection_cpp.dir/rosidl_typesupport_introspection_cpp/hal/msg/detail/hal_mainthruster_msg__type_support.cpp.o\x1b[0m\n'}
[65.610231] (-) TimerEvent: {}
[65.710809] (-) TimerEvent: {}
[65.811149] (-) TimerEvent: {}
[65.851951] (hal) StdoutLine: {'line': b'[ 69%] \x1b[32mBuilding CXX object CMakeFiles/hal__rosidl_typesupport_introspection_cpp.dir/rosidl_typesupport_introspection_cpp/hal/msg/detail/hal_auxithruster_msg__type_support.cpp.o\x1b[0m\n'}
[65.911300] (-) TimerEvent: {}
[66.011702] (-) TimerEvent: {}
[66.112188] (-) TimerEvent: {}
[66.140917] (hal) StdoutLine: {'line': b'[ 70%] \x1b[32mBuilding CXX object CMakeFiles/hal__rosidl_typesupport_introspection_cpp.dir/rosidl_typesupport_introspection_cpp/hal/srv/detail/hal_servocontrol_srv__type_support.cpp.o\x1b[0m\n'}
[66.212358] (-) TimerEvent: {}
[66.312942] (-) TimerEvent: {}
[66.413551] (-) TimerEvent: {}
[66.418034] (hal) StdoutLine: {'line': b'[ 71%] \x1b[32mBuilding CXX object CMakeFiles/hal__rosidl_typesupport_introspection_cpp.dir/rosidl_typesupport_introspection_cpp/hal/srv/detail/hal_thrustercontrol_srv__type_support.cpp.o\x1b[0m\n'}
[66.513676] (-) TimerEvent: {}
[66.615361] (-) TimerEvent: {}
[66.693746] (hal) StdoutLine: {'line': b'[ 72%] \x1b[32mBuilding CXX object CMakeFiles/hal__rosidl_typesupport_introspection_cpp.dir/rosidl_typesupport_introspection_cpp/hal/msg/detail/hal_battery_msg__type_support.cpp.o\x1b[0m\n'}
[66.715504] (-) TimerEvent: {}
[66.816135] (-) TimerEvent: {}
[66.916822] (-) TimerEvent: {}
[66.957414] (hal) StdoutLine: {'line': b'[ 73%] \x1b[32mBuilding CXX object CMakeFiles/hal__rosidl_typesupport_introspection_cpp.dir/rosidl_typesupport_introspection_cpp/hal/srv/detail/hal_battery_control_srv__type_support.cpp.o\x1b[0m\n'}
[67.016992] (-) TimerEvent: {}
[67.117631] (-) TimerEvent: {}
[67.217793] (hal) StdoutLine: {'line': b'[ 74%] \x1b[32m\x1b[1mLinking CXX shared library libhal__rosidl_typesupport_introspection_cpp.so\x1b[0m\n'}
[67.217954] (-) TimerEvent: {}
[67.288526] (hal) StdoutLine: {'line': b'[ 74%] Built target hal__rosidl_typesupport_introspection_cpp\n'}
[67.318104] (-) TimerEvent: {}
[67.418453] (-) TimerEvent: {}
[67.519142] (-) TimerEvent: {}
[67.619530] (-) TimerEvent: {}
[67.720175] (-) TimerEvent: {}
[67.821467] (-) TimerEvent: {}
[67.882179] (hal) StdoutLine: {'line': b'running egg_info\n'}
[67.882331] (hal) StdoutLine: {'line': b'creating hal.egg-info\n'}
[67.882375] (hal) StdoutLine: {'line': b'writing hal.egg-info/PKG-INFO\n'}
[67.882411] (hal) StdoutLine: {'line': b'writing dependency_links to hal.egg-info/dependency_links.txt\n'}
[67.882447] (hal) StdoutLine: {'line': b'writing top-level names to hal.egg-info/top_level.txt\n'}
[67.882508] (hal) StdoutLine: {'line': b"writing manifest file 'hal.egg-info/SOURCES.txt'\n"}
[67.884789] (hal) StdoutLine: {'line': b"reading manifest file 'hal.egg-info/SOURCES.txt'\n"}
[67.885113] (hal) StdoutLine: {'line': b"writing manifest file 'hal.egg-info/SOURCES.txt'\n"}
[67.906385] (hal) StdoutLine: {'line': b'[ 74%] Built target ament_cmake_python_build_hal_egg\n'}
[67.922275] (-) TimerEvent: {}
[67.926774] (hal) StdoutLine: {'line': b'[ 75%] \x1b[32mBuilding CXX object CMakeFiles/hal_battery_node.dir/src/hal_battery_node.cpp.o\x1b[0m\n'}
[68.022411] (-) TimerEvent: {}
[68.123659] (-) TimerEvent: {}
[68.224067] (-) TimerEvent: {}
[68.324726] (-) TimerEvent: {}
[68.425128] (-) TimerEvent: {}
[68.525584] (-) TimerEvent: {}
[68.625967] (-) TimerEvent: {}
[68.727341] (-) TimerEvent: {}
[68.827689] (-) TimerEvent: {}
[68.928078] (-) TimerEvent: {}
[69.028402] (-) TimerEvent: {}
[69.129238] (-) TimerEvent: {}
[69.230164] (-) TimerEvent: {}
[69.332671] (-) TimerEvent: {}
[69.434116] (-) TimerEvent: {}
[69.534455] (-) TimerEvent: {}
[69.636315] (-) TimerEvent: {}
[69.736612] (-) TimerEvent: {}
[69.837338] (-) TimerEvent: {}
[69.938398] (-) TimerEvent: {}
[70.040111] (-) TimerEvent: {}
[70.140443] (-) TimerEvent: {}
[70.241388] (-) TimerEvent: {}
[70.341803] (-) TimerEvent: {}
[70.442441] (-) TimerEvent: {}
[70.543038] (-) TimerEvent: {}
[70.643382] (-) TimerEvent: {}
[70.743722] (-) TimerEvent: {}
[70.844354] (-) TimerEvent: {}
[70.944871] (-) TimerEvent: {}
[71.045266] (-) TimerEvent: {}
[71.145627] (-) TimerEvent: {}
[71.246388] (-) TimerEvent: {}
[71.346695] (-) TimerEvent: {}
[71.447009] (-) TimerEvent: {}
[71.547584] (-) TimerEvent: {}
[71.647979] (-) TimerEvent: {}
[71.748349] (-) TimerEvent: {}
[71.848916] (-) TimerEvent: {}
[71.949283] (-) TimerEvent: {}
[72.049782] (-) TimerEvent: {}
[72.150101] (-) TimerEvent: {}
[72.250694] (-) TimerEvent: {}
[72.351377] (-) TimerEvent: {}
[72.451995] (-) TimerEvent: {}
[72.552604] (-) TimerEvent: {}
[72.653304] (-) TimerEvent: {}
[72.753611] (-) TimerEvent: {}
[72.822698] (hal) StdoutLine: {'line': b'[ 76%] \x1b[32m\x1b[1mLinking CXX executable hal_battery_node\x1b[0m\n'}
[72.853761] (-) TimerEvent: {}
[72.954582] (-) TimerEvent: {}
[73.039211] (hal) StdoutLine: {'line': b'[ 76%] Built target hal_battery_node\n'}
[73.054735] (-) TimerEvent: {}
[73.057957] (hal) StdoutLine: {'line': b'[ 77%] \x1b[32mBuilding CXX object CMakeFiles/hal_antennacontrol_node.dir/src/hal_antennacontrol_node.cpp.o\x1b[0m\n'}
[73.154912] (-) TimerEvent: {}
[73.255576] (-) TimerEvent: {}
[73.355940] (-) TimerEvent: {}
[73.456370] (-) TimerEvent: {}
[73.557026] (-) TimerEvent: {}
[73.657644] (-) TimerEvent: {}
[73.758042] (-) TimerEvent: {}
[73.858648] (-) TimerEvent: {}
[73.959009] (-) TimerEvent: {}
[74.059371] (-) TimerEvent: {}
[74.159775] (-) TimerEvent: {}
[74.261230] (-) TimerEvent: {}
[74.361560] (-) TimerEvent: {}
[74.461881] (-) TimerEvent: {}
[74.562325] (-) TimerEvent: {}
[74.663123] (-) TimerEvent: {}
[74.763565] (-) TimerEvent: {}
[74.864369] (-) TimerEvent: {}
[74.965064] (-) TimerEvent: {}
[75.060265] (hal) StderrLine: {'line': b'\x1b[01m\x1b[K/home/ss/uvms/uvms3_hal/src/hal_antennacontrol_node.cpp:\x1b[m\x1b[K In member function \xe2\x80\x98\x1b[01m\x1b[Kvoid HalAntennaControlNode::run_motor(int)\x1b[m\x1b[K\xe2\x80\x99:\n'}
[75.063096] (hal) StderrLine: {'line': b'\x1b[01m\x1b[K/home/ss/uvms/uvms3_hal/src/hal_antennacontrol_node.cpp:110:24:\x1b[m\x1b[K \x1b[01;35m\x1b[Kwarning: \x1b[m\x1b[Kunused parameter \xe2\x80\x98\x1b[01m\x1b[Kdir\x1b[m\x1b[K\xe2\x80\x99 [\x1b[01;35m\x1b[K\x1b]8;;https://gcc.gnu.org/onlinedocs/gcc/Warning-Options.html#index-Wunused-parameter\x07-Wunused-parameter\x1b]8;;\x07\x1b[m\x1b[K]\n'}
[75.063225] (hal) StderrLine: {'line': b'  110 |     void run_motor(\x1b[01;35m\x1b[Kint dir\x1b[m\x1b[K) { /* \xe8\xae\xb8\xe5\xbb\xb6\xe8\xbd\xa9\xef\xbc\x9a\xe6\xad\xa4\xe5\xa4\x84\xe6\xb7\xbb\xe5\x8a\xa0\xe9\xa9\xb1\xe5\x8a\xa8\xe4\xbb\xa3\xe7\xa0\x81 */ }\n'}
[75.063271] (hal) StderrLine: {'line': b'      |                    \x1b[01;35m\x1b[K~~~~^~~\x1b[m\x1b[K\n'}
[75.063308] (hal) StderrLine: {'line': b'\x1b[01m\x1b[K/home/ss/uvms/uvms3_hal/src/hal_antennacontrol_node.cpp:\x1b[m\x1b[K In member function \xe2\x80\x98\x1b[01m\x1b[Kbool HalAntennaControlNode::read_limit_switch(int)\x1b[m\x1b[K\xe2\x80\x99:\n'}
[75.063347] (hal) StderrLine: {'line': b'\x1b[01m\x1b[K/home/ss/uvms/uvms3_hal/src/hal_antennacontrol_node.cpp:112:32:\x1b[m\x1b[K \x1b[01;35m\x1b[Kwarning: \x1b[m\x1b[Kunused parameter \xe2\x80\x98\x1b[01m\x1b[Kid\x1b[m\x1b[K\xe2\x80\x99 [\x1b[01;35m\x1b[K\x1b]8;;https://gcc.gnu.org/onlinedocs/gcc/Warning-Options.html#index-Wunused-parameter\x07-Wunused-parameter\x1b]8;;\x07\x1b[m\x1b[K]\n'}
[75.063384] (hal) StderrLine: {'line': b'  112 |     bool read_limit_switch(\x1b[01;35m\x1b[Kint id\x1b[m\x1b[K) { return false; }\n'}
[75.063418] (hal) StderrLine: {'line': b'      |                            \x1b[01;35m\x1b[K~~~~^~\x1b[m\x1b[K\n'}
[75.065176] (-) TimerEvent: {}
[75.165658] (-) TimerEvent: {}
[75.267134] (-) TimerEvent: {}
[75.367459] (-) TimerEvent: {}
[75.468101] (-) TimerEvent: {}
[75.568848] (-) TimerEvent: {}
[75.669290] (-) TimerEvent: {}
[75.770000] (-) TimerEvent: {}
[75.871012] (-) TimerEvent: {}
[75.973110] (-) TimerEvent: {}
[76.073397] (-) TimerEvent: {}
[76.174115] (-) TimerEvent: {}
[76.275400] (-) TimerEvent: {}
[76.375765] (-) TimerEvent: {}
[76.476559] (-) TimerEvent: {}
[76.577267] (-) TimerEvent: {}
[76.677897] (-) TimerEvent: {}
[76.778496] (-) TimerEvent: {}
[76.879071] (-) TimerEvent: {}
[76.979435] (-) TimerEvent: {}
[77.080090] (-) TimerEvent: {}
[77.180656] (-) TimerEvent: {}
[77.281194] (-) TimerEvent: {}
[77.381529] (-) TimerEvent: {}
[77.482017] (-) TimerEvent: {}
[77.582476] (-) TimerEvent: {}
[77.682839] (-) TimerEvent: {}
[77.783401] (-) TimerEvent: {}
[77.883928] (-) TimerEvent: {}
[77.984270] (-) TimerEvent: {}
[78.084824] (-) TimerEvent: {}
[78.185216] (-) TimerEvent: {}
[78.285536] (-) TimerEvent: {}
[78.386070] (-) TimerEvent: {}
[78.486686] (-) TimerEvent: {}
[78.587021] (-) TimerEvent: {}
[78.687453] (-) TimerEvent: {}
[78.788107] (-) TimerEvent: {}
[78.888775] (-) TimerEvent: {}
[78.989377] (-) TimerEvent: {}
[79.090031] (-) TimerEvent: {}
[79.190528] (-) TimerEvent: {}
[79.290965] (-) TimerEvent: {}
[79.391586] (-) TimerEvent: {}
[79.492003] (-) TimerEvent: {}
[79.592375] (-) TimerEvent: {}
[79.670171] (hal) StdoutLine: {'line': b'[ 78%] \x1b[32m\x1b[1mLinking CXX executable hal_antennacontrol_node\x1b[0m\n'}
[79.693123] (-) TimerEvent: {}
[79.793453] (-) TimerEvent: {}
[79.895344] (-) TimerEvent: {}
[79.995961] (-) TimerEvent: {}
[80.026094] (hal) StdoutLine: {'line': b'[ 78%] Built target hal_antennacontrol_node\n'}
[80.051165] (hal) StdoutLine: {'line': b'[ 79%] \x1b[32mBuilding CXX object CMakeFiles/hal_lightcontrol_node.dir/src/hal_lightcontrol_node.cpp.o\x1b[0m\n'}
[80.097107] (-) TimerEvent: {}
[80.197431] (-) TimerEvent: {}
[80.297758] (-) TimerEvent: {}
[80.398065] (-) TimerEvent: {}
[80.499251] (-) TimerEvent: {}
[80.599585] (-) TimerEvent: {}
[80.699926] (-) TimerEvent: {}
[80.801263] (-) TimerEvent: {}
[80.901888] (-) TimerEvent: {}
[81.002746] (-) TimerEvent: {}
[81.103408] (-) TimerEvent: {}
[81.204116] (-) TimerEvent: {}
[81.304475] (-) TimerEvent: {}
[81.406122] (-) TimerEvent: {}
[81.506518] (-) TimerEvent: {}
[81.608142] (-) TimerEvent: {}
[81.708508] (-) TimerEvent: {}
[81.808991] (-) TimerEvent: {}
[81.909813] (-) TimerEvent: {}
[82.010210] (-) TimerEvent: {}
[82.110783] (-) TimerEvent: {}
[82.211361] (-) TimerEvent: {}
[82.311684] (-) TimerEvent: {}
[82.412074] (-) TimerEvent: {}
[82.512457] (-) TimerEvent: {}
[82.613063] (-) TimerEvent: {}
[82.713430] (-) TimerEvent: {}
[82.814007] (-) TimerEvent: {}
[82.914424] (-) TimerEvent: {}
[83.015078] (-) TimerEvent: {}
[83.115476] (-) TimerEvent: {}
[83.216090] (-) TimerEvent: {}
[83.316460] (-) TimerEvent: {}
[83.417226] (-) TimerEvent: {}
[83.517615] (-) TimerEvent: {}
[83.618144] (-) TimerEvent: {}
[83.718517] (-) TimerEvent: {}
[83.819154] (-) TimerEvent: {}
[83.919541] (-) TimerEvent: {}
[84.020133] (-) TimerEvent: {}
[84.120509] (-) TimerEvent: {}
[84.221065] (-) TimerEvent: {}
[84.321657] (-) TimerEvent: {}
[84.421976] (-) TimerEvent: {}
[84.522681] (-) TimerEvent: {}
[84.623347] (-) TimerEvent: {}
[84.723679] (-) TimerEvent: {}
[84.824352] (-) TimerEvent: {}
[84.924692] (-) TimerEvent: {}
[85.025138] (-) TimerEvent: {}
[85.125536] (-) TimerEvent: {}
[85.226041] (-) TimerEvent: {}
[85.328118] (-) TimerEvent: {}
[85.428743] (-) TimerEvent: {}
[85.529089] (-) TimerEvent: {}
[85.629464] (-) TimerEvent: {}
[85.729805] (-) TimerEvent: {}
[85.830305] (-) TimerEvent: {}
[85.931448] (-) TimerEvent: {}
[86.031927] (-) TimerEvent: {}
[86.132339] (-) TimerEvent: {}
[86.233161] (-) TimerEvent: {}
[86.243165] (hal) StdoutLine: {'line': b'[ 80%] \x1b[32m\x1b[1mLinking CXX executable hal_lightcontrol_node\x1b[0m\n'}
[86.333311] (-) TimerEvent: {}
[86.433808] (-) TimerEvent: {}
[86.534107] (-) TimerEvent: {}
[86.564187] (hal) StdoutLine: {'line': b'[ 80%] Built target hal_lightcontrol_node\n'}
[86.586110] (hal) StdoutLine: {'line': b'[ 81%] \x1b[32mBuilding CXX object CMakeFiles/hal_servo_node.dir/src/hal_servo_node.cpp.o\x1b[0m\n'}
[86.634283] (-) TimerEvent: {}
[86.735030] (-) TimerEvent: {}
[86.835710] (-) TimerEvent: {}
[86.936340] (-) TimerEvent: {}
[87.036899] (-) TimerEvent: {}
[87.137277] (-) TimerEvent: {}
[87.237760] (-) TimerEvent: {}
[87.338170] (-) TimerEvent: {}
[87.438875] (-) TimerEvent: {}
[87.539847] (-) TimerEvent: {}
[87.640575] (-) TimerEvent: {}
[87.743133] (-) TimerEvent: {}
[87.843568] (-) TimerEvent: {}
[87.944255] (-) TimerEvent: {}
[88.044589] (-) TimerEvent: {}
[88.145202] (-) TimerEvent: {}
[88.245595] (-) TimerEvent: {}
[88.347110] (-) TimerEvent: {}
[88.447401] (-) TimerEvent: {}
[88.547691] (-) TimerEvent: {}
[88.649110] (-) TimerEvent: {}
[88.749422] (-) TimerEvent: {}
[88.849802] (-) TimerEvent: {}
[88.950188] (-) TimerEvent: {}
[89.050648] (-) TimerEvent: {}
[89.151193] (-) TimerEvent: {}
[89.251564] (-) TimerEvent: {}
[89.352292] (-) TimerEvent: {}
[89.452942] (-) TimerEvent: {}
[89.553523] (-) TimerEvent: {}
[89.653857] (-) TimerEvent: {}
[89.754479] (-) TimerEvent: {}
[89.854870] (-) TimerEvent: {}
[89.955627] (-) TimerEvent: {}
[90.056227] (-) TimerEvent: {}
[90.156805] (-) TimerEvent: {}
[90.258031] (-) TimerEvent: {}
[90.358375] (-) TimerEvent: {}
[90.459031] (-) TimerEvent: {}
[90.559631] (-) TimerEvent: {}
[90.659990] (-) TimerEvent: {}
[90.760662] (-) TimerEvent: {}
[90.861051] (-) TimerEvent: {}
[90.961532] (-) TimerEvent: {}
[91.062033] (-) TimerEvent: {}
[91.162653] (-) TimerEvent: {}
[91.262962] (-) TimerEvent: {}
[91.363375] (-) TimerEvent: {}
[91.463979] (-) TimerEvent: {}
[91.564468] (-) TimerEvent: {}
[91.664873] (-) TimerEvent: {}
[91.765161] (-) TimerEvent: {}
[91.865755] (-) TimerEvent: {}
[91.966307] (-) TimerEvent: {}
[92.066625] (-) TimerEvent: {}
[92.166996] (-) TimerEvent: {}
[92.267705] (-) TimerEvent: {}
[92.368051] (-) TimerEvent: {}
[92.468697] (-) TimerEvent: {}
[92.569308] (-) TimerEvent: {}
[92.669893] (-) TimerEvent: {}
[92.770239] (-) TimerEvent: {}
[92.870599] (-) TimerEvent: {}
[92.971133] (-) TimerEvent: {}
[93.071495] (-) TimerEvent: {}
[93.244871] (-) TimerEvent: {}
[93.487769] (-) TimerEvent: {}
[93.588069] (-) TimerEvent: {}
[93.688401] (-) TimerEvent: {}
[93.789217] (-) TimerEvent: {}
[93.890332] (-) TimerEvent: {}
[94.007172] (-) TimerEvent: {}
[94.132415] (-) TimerEvent: {}
[94.236456] (-) TimerEvent: {}
[94.340746] (-) TimerEvent: {}
[94.443258] (-) TimerEvent: {}
[94.547618] (-) TimerEvent: {}
[94.639892] (hal) StdoutLine: {'line': b'[ 82%] \x1b[32m\x1b[1mLinking CXX executable hal_servo_node\x1b[0m\n'}
[94.647726] (-) TimerEvent: {}
[94.748655] (-) TimerEvent: {}
[94.849453] (-) TimerEvent: {}
[94.950075] (-) TimerEvent: {}
[95.031163] (hal) StdoutLine: {'line': b'[ 82%] Built target hal_servo_node\n'}
[95.050349] (-) TimerEvent: {}
[95.050821] (hal) StdoutLine: {'line': b'[ 83%] \x1b[32mBuilding CXX object CMakeFiles/hal_thruster_node.dir/src/hal_thruster_node.cpp.o\x1b[0m\n'}
[95.152106] (-) TimerEvent: {}
[95.252698] (-) TimerEvent: {}
[95.353017] (-) TimerEvent: {}
[95.453372] (-) TimerEvent: {}
[95.553711] (-) TimerEvent: {}
[95.654040] (-) TimerEvent: {}
[95.754399] (-) TimerEvent: {}
[95.855250] (-) TimerEvent: {}
[95.955630] (-) TimerEvent: {}
[96.056465] (-) TimerEvent: {}
[96.157405] (-) TimerEvent: {}
[96.257850] (-) TimerEvent: {}
[96.358133] (-) TimerEvent: {}
[96.458556] (-) TimerEvent: {}
[96.560112] (-) TimerEvent: {}
[96.660412] (-) TimerEvent: {}
[96.761063] (-) TimerEvent: {}
[96.861995] (-) TimerEvent: {}
[96.963134] (-) TimerEvent: {}
[97.063464] (-) TimerEvent: {}
[97.163796] (-) TimerEvent: {}
[97.264087] (-) TimerEvent: {}
[97.365135] (-) TimerEvent: {}
[97.465429] (-) TimerEvent: {}
[97.565721] (-) TimerEvent: {}
[97.666183] (-) TimerEvent: {}
[97.766849] (-) TimerEvent: {}
[97.867571] (-) TimerEvent: {}
[97.968325] (-) TimerEvent: {}
[98.069102] (-) TimerEvent: {}
[98.169792] (-) TimerEvent: {}
[98.270479] (-) TimerEvent: {}
[98.371154] (-) TimerEvent: {}
[98.471536] (-) TimerEvent: {}
[98.571919] (-) TimerEvent: {}
[98.672462] (-) TimerEvent: {}
[98.773063] (-) TimerEvent: {}
[98.873506] (-) TimerEvent: {}
[98.974224] (-) TimerEvent: {}
[99.074655] (-) TimerEvent: {}
[99.175334] (-) TimerEvent: {}
[99.275710] (-) TimerEvent: {}
[99.376096] (-) TimerEvent: {}
[99.476737] (-) TimerEvent: {}
[99.577399] (-) TimerEvent: {}
[99.677939] (-) TimerEvent: {}
[99.778309] (-) TimerEvent: {}
[99.878620] (-) TimerEvent: {}
[99.979260] (-) TimerEvent: {}
[100.079647] (-) TimerEvent: {}
[100.180292] (-) TimerEvent: {}
[100.280861] (-) TimerEvent: {}
[100.381481] (-) TimerEvent: {}
[100.482095] (-) TimerEvent: {}
[100.582532] (-) TimerEvent: {}
[100.682878] (-) TimerEvent: {}
[100.783480] (-) TimerEvent: {}
[100.884063] (-) TimerEvent: {}
[100.984488] (-) TimerEvent: {}
[101.085080] (-) TimerEvent: {}
[101.185459] (-) TimerEvent: {}
[101.287016] (-) TimerEvent: {}
[101.387394] (-) TimerEvent: {}
[101.488114] (-) TimerEvent: {}
[101.589162] (-) TimerEvent: {}
[101.689497] (-) TimerEvent: {}
[101.789870] (-) TimerEvent: {}
[101.890284] (-) TimerEvent: {}
[101.990723] (-) TimerEvent: {}
[102.091441] (-) TimerEvent: {}
[102.200120] (-) TimerEvent: {}
[102.300441] (-) TimerEvent: {}
[102.354028] (hal) StdoutLine: {'line': b'[ 84%] \x1b[32m\x1b[1mLinking CXX executable hal_thruster_node\x1b[0m\n'}
[102.400558] (-) TimerEvent: {}
[102.502391] (-) TimerEvent: {}
[102.602742] (-) TimerEvent: {}
[102.703074] (-) TimerEvent: {}
[102.732022] (hal) StdoutLine: {'line': b'[ 84%] Built target hal_thruster_node\n'}
[102.753764] (hal) StdoutLine: {'line': b'[ 84%] Built target hal\n'}
[102.777223] (hal) StdoutLine: {'line': b'[ 85%] \x1b[34m\x1b[1mGenerating Python code for ROS interfaces\x1b[0m\n'}
[102.803271] (-) TimerEvent: {}
[102.904632] (-) TimerEvent: {}
[103.005369] (-) TimerEvent: {}
[103.106049] (-) TimerEvent: {}
[103.206599] (-) TimerEvent: {}
[103.307121] (-) TimerEvent: {}
[103.407756] (-) TimerEvent: {}
[103.508387] (-) TimerEvent: {}
[103.608945] (-) TimerEvent: {}
[103.709281] (-) TimerEvent: {}
[103.805178] (hal) StdoutLine: {'line': b'[ 85%] Built target hal__py\n'}
[103.810102] (-) TimerEvent: {}
[103.826902] (hal) StdoutLine: {'line': b'[ 86%] \x1b[32mBuilding C object CMakeFiles/hal__rosidl_generator_py.dir/rosidl_generator_py/hal/msg/_hal_tailservo_msg_s.c.o\x1b[0m\n'}
[103.910262] (-) TimerEvent: {}
[104.010656] (-) TimerEvent: {}
[104.111155] (-) TimerEvent: {}
[104.185237] (hal) StdoutLine: {'line': b'[ 87%] \x1b[32mBuilding C object CMakeFiles/hal__rosidl_generator_py.dir/rosidl_generator_py/hal/msg/_hal_wingservo_msg_s.c.o\x1b[0m\n'}
[104.213110] (-) TimerEvent: {}
[104.284586] (hal) StdoutLine: {'line': b'[ 88%] \x1b[32mBuilding C object CMakeFiles/hal__rosidl_generator_py.dir/rosidl_generator_py/hal/msg/_hal_mainthruster_msg_s.c.o\x1b[0m\n'}
[104.313238] (-) TimerEvent: {}
[104.366300] (hal) StdoutLine: {'line': b'[ 89%] \x1b[32mBuilding C object CMakeFiles/hal__rosidl_generator_py.dir/rosidl_generator_py/hal/msg/_hal_auxithruster_msg_s.c.o\x1b[0m\n'}
[104.413338] (-) TimerEvent: {}
[104.452679] (hal) StdoutLine: {'line': b'[ 90%] \x1b[32mBuilding C object CMakeFiles/hal__rosidl_generator_py.dir/rosidl_generator_py/hal/srv/_hal_servocontrol_srv_s.c.o\x1b[0m\n'}
[104.513546] (-) TimerEvent: {}
[104.560843] (hal) StdoutLine: {'line': b'[ 91%] \x1b[32mBuilding C object CMakeFiles/hal__rosidl_generator_py.dir/rosidl_generator_py/hal/srv/_hal_thrustercontrol_srv_s.c.o\x1b[0m\n'}
[104.613711] (-) TimerEvent: {}
[104.651470] (hal) StdoutLine: {'line': b'[ 92%] \x1b[32mBuilding C object CMakeFiles/hal__rosidl_generator_py.dir/rosidl_generator_py/hal/msg/_hal_battery_msg_s.c.o\x1b[0m\n'}
[104.713897] (-) TimerEvent: {}
[104.757189] (hal) StdoutLine: {'line': b'[ 93%] \x1b[32mBuilding C object CMakeFiles/hal__rosidl_generator_py.dir/rosidl_generator_py/hal/srv/_hal_battery_control_srv_s.c.o\x1b[0m\n'}
[104.814051] (-) TimerEvent: {}
[104.847166] (hal) StdoutLine: {'line': b'[ 94%] \x1b[32m\x1b[1mLinking C shared library rosidl_generator_py/hal/libhal__rosidl_generator_py.so\x1b[0m\n'}
[104.914116] (-) TimerEvent: {}
[104.939353] (hal) StdoutLine: {'line': b'[ 94%] Built target hal__rosidl_generator_py\n'}
[104.975150] (hal) StdoutLine: {'line': b'[ 95%] \x1b[32mBuilding C object CMakeFiles/hal__rosidl_typesupport_fastrtps_c__pyext.dir/rosidl_generator_py/hal/_hal_s.ep.rosidl_typesupport_fastrtps_c.c.o\x1b[0m\n'}
[105.015238] (-) TimerEvent: {}
[105.116114] (-) TimerEvent: {}
[105.146189] (hal) StdoutLine: {'line': b'[ 96%] \x1b[32m\x1b[1mLinking C shared library rosidl_generator_py/hal/hal_s__rosidl_typesupport_fastrtps_c.cpython-310-x86_64-linux-gnu.so\x1b[0m\n'}
[105.187812] (hal) StdoutLine: {'line': b'[ 96%] Built target hal__rosidl_typesupport_fastrtps_c__pyext\n'}
[105.210488] (hal) StdoutLine: {'line': b'[ 97%] \x1b[32mBuilding C object CMakeFiles/hal__rosidl_typesupport_introspection_c__pyext.dir/rosidl_generator_py/hal/_hal_s.ep.rosidl_typesupport_introspection_c.c.o\x1b[0m\n'}
[105.216229] (-) TimerEvent: {}
[105.316874] (-) TimerEvent: {}
[105.329329] (hal) StdoutLine: {'line': b'[ 98%] \x1b[32m\x1b[1mLinking C shared library rosidl_generator_py/hal/hal_s__rosidl_typesupport_introspection_c.cpython-310-x86_64-linux-gnu.so\x1b[0m\n'}
[105.377919] (hal) StdoutLine: {'line': b'[ 98%] Built target hal__rosidl_typesupport_introspection_c__pyext\n'}
[105.398837] (hal) StdoutLine: {'line': b'[ 99%] \x1b[32mBuilding C object CMakeFiles/hal__rosidl_typesupport_c__pyext.dir/rosidl_generator_py/hal/_hal_s.ep.rosidl_typesupport_c.c.o\x1b[0m\n'}
[105.417009] (-) TimerEvent: {}
[105.506929] (hal) StdoutLine: {'line': b'[100%] \x1b[32m\x1b[1mLinking C shared library rosidl_generator_py/hal/hal_s__rosidl_typesupport_c.cpython-310-x86_64-linux-gnu.so\x1b[0m\n'}
[105.517215] (-) TimerEvent: {}
[105.549092] (hal) StdoutLine: {'line': b'[100%] Built target hal__rosidl_typesupport_c__pyext\n'}
[105.562544] (hal) CommandEnded: {'returncode': 0}
[105.564370] (hal) JobProgress: {'identifier': 'hal', 'progress': 'install'}
[105.573996] (hal) Command: {'cmd': ['/usr/bin/cmake', '--install', '/home/ss/uvms/uvms3_hal/build/hal'], 'cwd': '/home/ss/uvms/uvms3_hal/build/hal', 'env': OrderedDict([('GJS_DEBUG_TOPICS', 'JS ERROR;JS LOG'), ('PYTHON_BASIC_REPL', '1'), ('LESSOPEN', '| /usr/bin/lesspipe %s'), ('LANGUAGE', 'en_US:'), ('USER', 'ss'), ('LC_TIME', 'zh_CN.UTF-8'), ('XDG_SESSION_TYPE', 'wayland'), ('GIT_ASKPASS', '/usr/share/code/resources/app/extensions/git/dist/askpass.sh'), ('SHLVL', '1'), ('LD_LIBRARY_PATH', '/opt/ros/humble/opt/rviz_ogre_vendor/lib:/opt/ros/humble/lib/x86_64-linux-gnu:/opt/ros/humble/lib'), ('HOME', '/home/ss'), ('CHROME_DESKTOP', 'code.desktop'), ('OLDPWD', '/home/ss/uvms'), ('TERM_PROGRAM_VERSION', '1.112.0'), ('DESKTOP_SESSION', 'ubuntu'), ('GIO_LAUNCHED_DESKTOP_FILE', '/usr/share/applications/code.desktop'), ('ROS_PYTHON_VERSION', '3'), ('GNOME_SHELL_SESSION_MODE', 'ubuntu'), ('GTK_MODULES', 'gail:atk-bridge'), ('VSCODE_GIT_ASKPASS_MAIN', '/usr/share/code/resources/app/extensions/git/dist/askpass-main.js'), ('LC_MONETARY', 'zh_CN.UTF-8'), ('VSCODE_GIT_ASKPASS_NODE', '/usr/share/code/code'), ('MANAGERPID', '1013'), ('PYDEVD_DISABLE_FILE_VALIDATION', '1'), ('SYSTEMD_EXEC_PID', '1216'), ('BUNDLED_DEBUGPY_PATH', '/home/ss/.vscode/extensions/ms-python.debugpy-2025.18.0-linux-x64/bundled/libs/debugpy'), ('IM_CONFIG_CHECK_ENV', '1'), ('VSCODE_PYTHON_AUTOACTIVATE_GUARD', '1'), ('DBUS_SESSION_BUS_ADDRESS', 'unix:path=/run/user/1000/bus'), ('COLORTERM', 'truecolor'), ('GIO_LAUNCHED_DESKTOP_FILE_PID', '3142'), ('IM_CONFIG_PHASE', '1'), ('WAYLAND_DISPLAY', 'wayland-0'), ('ROS_DISTRO', 'humble'), ('LOGNAME', 'ss'), ('JOURNAL_STREAM', '8:16376'), ('_', '/usr/bin/colcon'), ('ROS_VERSION', '2'), ('XDG_SESSION_CLASS', 'user'), ('USERNAME', 'ss'), ('TERM', 'xterm-256color'), ('GNOME_DESKTOP_SESSION_ID', 'this-is-deprecated'), ('FC_FONTATIONS', '1'), ('ROS_LOCALHOST_ONLY', '0'), ('PATH', '/opt/ros/humble/bin:/usr/local/sbin:/usr/local/bin:/usr/sbin:/usr/bin:/sbin:/bin:/usr/games:/usr/local/games:/snap/bin:/snap/bin:/home/ss/.vscode/extensions/ms-python.debugpy-2025.18.0-linux-x64/bundled/scripts/noConfigScripts'), ('SESSION_MANAGER', 'local/ss-virtual-machine:@/tmp/.ICE-unix/1190,unix/ss-virtual-machine:/tmp/.ICE-unix/1190'), ('INVOCATION_ID', '96784870bc864476a7a092ae39483cb9'), ('XDG_MENU_PREFIX', 'gnome-'), ('LC_ADDRESS', 'zh_CN.UTF-8'), ('GNOME_SETUP_DISPLAY', ':1'), ('XDG_RUNTIME_DIR', '/run/user/1000'), ('GDK_BACKEND', 'wayland'), ('DISPLAY', ':0'), ('VSCODE_DEBUGPY_ADAPTER_ENDPOINTS', '/home/ss/.vscode/extensions/ms-python.debugpy-2025.18.0-linux-x64/.noConfigDebugAdapterEndpoints/endpoint-7714b0d78ac9139e.txt'), ('LANG', 'en_US.UTF-8'), ('XDG_CURRENT_DESKTOP', 'ubuntu:GNOME'), ('PYTHONSTARTUP', '/home/ss/.config/Code/User/workspaceStorage/1272d6e7dd2c3b6857eab0dda4bfae3c/ms-python.python/pythonrc.py'), ('LC_TELEPHONE', 'zh_CN.UTF-8'), ('XMODIFIERS', '@im=ibus'), ('XDG_SESSION_DESKTOP', 'ubuntu'), ('XAUTHORITY', '/run/user/1000/.mutter-Xwaylandauth.EHKXM3'), ('LS_COLORS', 'rs=0:di=01;34:ln=01;36:mh=00:pi=40;33:so=01;35:do=01;35:bd=40;33;01:cd=40;33;01:or=40;31;01:mi=00:su=37;41:sg=30;43:ca=30;41:tw=30;42:ow=34;42:st=37;44:ex=01;32:*.tar=01;31:*.tgz=01;31:*.arc=01;31:*.arj=01;31:*.taz=01;31:*.lha=01;31:*.lz4=01;31:*.lzh=01;31:*.lzma=01;31:*.tlz=01;31:*.txz=01;31:*.tzo=01;31:*.t7z=01;31:*.zip=01;31:*.z=01;31:*.dz=01;31:*.gz=01;31:*.lrz=01;31:*.lz=01;31:*.lzo=01;31:*.xz=01;31:*.zst=01;31:*.tzst=01;31:*.bz2=01;31:*.bz=01;31:*.tbz=01;31:*.tbz2=01;31:*.tz=01;31:*.deb=01;31:*.rpm=01;31:*.jar=01;31:*.war=01;31:*.ear=01;31:*.sar=01;31:*.rar=01;31:*.alz=01;31:*.ace=01;31:*.zoo=01;31:*.cpio=01;31:*.7z=01;31:*.rz=01;31:*.cab=01;31:*.wim=01;31:*.swm=01;31:*.dwm=01;31:*.esd=01;31:*.jpg=01;35:*.jpeg=01;35:*.mjpg=01;35:*.mjpeg=01;35:*.gif=01;35:*.bmp=01;35:*.pbm=01;35:*.pgm=01;35:*.ppm=01;35:*.tga=01;35:*.xbm=01;35:*.xpm=01;35:*.tif=01;35:*.tiff=01;35:*.png=01;35:*.svg=01;35:*.svgz=01;35:*.mng=01;35:*.pcx=01;35:*.mov=01;35:*.mpg=01;35:*.mpeg=01;35:*.m2v=01;35:*.mkv=01;35:*.webm=01;35:*.webp=01;35:*.ogm=01;35:*.mp4=01;35:*.m4v=01;35:*.mp4v=01;35:*.vob=01;35:*.qt=01;35:*.nuv=01;35:*.wmv=01;35:*.asf=01;35:*.rm=01;35:*.rmvb=01;35:*.flc=01;35:*.avi=01;35:*.fli=01;35:*.flv=01;35:*.gl=01;35:*.dl=01;35:*.xcf=01;35:*.xwd=01;35:*.yuv=01;35:*.cgm=01;35:*.emf=01;35:*.ogv=01;35:*.ogx=01;35:*.aac=00;36:*.au=00;36:*.flac=00;36:*.m4a=00;36:*.mid=00;36:*.midi=00;36:*.mka=00;36:*.mp3=00;36:*.mpc=00;36:*.ogg=00;36:*.ra=00;36:*.wav=00;36:*.oga=00;36:*.opus=00;36:*.spx=00;36:*.xspf=00;36:'), ('VSCODE_GIT_IPC_HANDLE', '/run/user/1000/vscode-git-32e79d8df5.sock'), ('TERM_PROGRAM', 'vscode'), ('SSH_AGENT_LAUNCHER', 'gnome-keyring'), ('SSH_AUTH_SOCK', '/run/user/1000/keyring/ssh'), ('AMENT_PREFIX_PATH', '/opt/ros/humble'), ('SHELL', '/bin/bash'), ('LC_NAME', 'zh_CN.UTF-8'), ('QT_ACCESSIBILITY', '1'), ('GDMSESSION', 'ubuntu'), ('LESSCLOSE', '/usr/bin/lesspipe %s %s'), ('LC_MEASUREMENT', 'zh_CN.UTF-8'), ('GJS_DEBUG_OUTPUT', 'stderr'), ('LC_IDENTIFICATION', 'zh_CN.UTF-8'), ('VSCODE_GIT_ASKPASS_EXTRA_ARGS', ''), ('QT_IM_MODULE', 'ibus'), ('PWD', '/home/ss/uvms/uvms3_hal/build/hal'), ('XDG_CONFIG_DIRS', '/etc/xdg/xdg-ubuntu:/etc/xdg'), ('XDG_DATA_DIRS', '/usr/share/ubuntu:/usr/local/share/:/usr/share/:/var/lib/snapd/desktop'), ('PYTHONPATH', '/opt/ros/humble/lib/python3.10/site-packages:/opt/ros/humble/local/lib/python3.10/dist-packages'), ('LC_NUMERIC', 'zh_CN.UTF-8'), ('LC_PAPER', 'zh_CN.UTF-8'), ('COLCON', '1'), ('CMAKE_PREFIX_PATH', '/opt/ros/humble')]), 'shell': False}
[105.588546] (hal) StdoutLine: {'line': b'-- Install configuration: ""\n'}
[105.588910] (hal) StdoutLine: {'line': b'-- Installing: /home/ss/uvms/uvms3_hal/install/hal/share/ament_index/resource_index/rosidl_interfaces/hal\n'}
[105.588983] (hal) StdoutLine: {'line': b'-- Installing: /home/ss/uvms/uvms3_hal/install/hal/include/hal/hal\n'}
[105.589051] (hal) StdoutLine: {'line': b'-- Installing: /home/ss/uvms/uvms3_hal/install/hal/include/hal/hal/srv\n'}
[105.589201] (hal) StdoutLine: {'line': b'-- Installing: /home/ss/uvms/uvms3_hal/install/hal/include/hal/hal/srv/hal_thrustercontrol_srv.h\n'}
[105.589267] (hal) StdoutLine: {'line': b'-- Installing: /home/ss/uvms/uvms3_hal/install/hal/include/hal/hal/srv/hal_battery_control_srv.h\n'}
[105.589307] (hal) StdoutLine: {'line': b'-- Installing: /home/ss/uvms/uvms3_hal/install/hal/include/hal/hal/srv/hal_servocontrol_srv.h\n'}
[105.589365] (hal) StdoutLine: {'line': b'-- Installing: /home/ss/uvms/uvms3_hal/install/hal/include/hal/hal/srv/detail\n'}
[105.589413] (hal) StdoutLine: {'line': b'-- Installing: /home/ss/uvms/uvms3_hal/install/hal/include/hal/hal/srv/detail/hal_servocontrol_srv__functions.h\n'}
[105.589489] (hal) StdoutLine: {'line': b'-- Installing: /home/ss/uvms/uvms3_hal/install/hal/include/hal/hal/srv/detail/hal_thrustercontrol_srv__functions.c\n'}
[105.589542] (hal) StdoutLine: {'line': b'-- Installing: /home/ss/uvms/uvms3_hal/install/hal/include/hal/hal/srv/detail/hal_thrustercontrol_srv__functions.h\n'}
[105.589663] (hal) StdoutLine: {'line': b'-- Installing: /home/ss/uvms/uvms3_hal/install/hal/include/hal/hal/srv/detail/hal_battery_control_srv__functions.c\n'}
[105.589950] (hal) StdoutLine: {'line': b'-- Installing: /home/ss/uvms/uvms3_hal/install/hal/include/hal/hal/srv/detail/hal_battery_control_srv__functions.h\n'}
[105.590071] (hal) StdoutLine: {'line': b'-- Installing: /home/ss/uvms/uvms3_hal/install/hal/include/hal/hal/srv/detail/hal_servocontrol_srv__type_support.h\n'}
[105.591170] (hal) StdoutLine: {'line': b'-- Installing: /home/ss/uvms/uvms3_hal/install/hal/include/hal/hal/srv/detail/hal_servocontrol_srv__functions.c\n'}
[105.591245] (hal) StdoutLine: {'line': b'-- Installing: /home/ss/uvms/uvms3_hal/install/hal/include/hal/hal/srv/detail/hal_thrustercontrol_srv__type_support.h\n'}
[105.591335] (hal) StdoutLine: {'line': b'-- Installing: /home/ss/uvms/uvms3_hal/install/hal/include/hal/hal/srv/detail/hal_battery_control_srv__struct.h\n'}
[105.591405] (hal) StdoutLine: {'line': b'-- Installing: /home/ss/uvms/uvms3_hal/install/hal/include/hal/hal/srv/detail/hal_thrustercontrol_srv__struct.h\n'}
[105.591481] (hal) StdoutLine: {'line': b'-- Installing: /home/ss/uvms/uvms3_hal/install/hal/include/hal/hal/srv/detail/hal_servocontrol_srv__struct.h\n'}
[105.591521] (hal) StdoutLine: {'line': b'-- Installing: /home/ss/uvms/uvms3_hal/install/hal/include/hal/hal/srv/detail/hal_battery_control_srv__type_support.h\n'}
[105.591557] (hal) StdoutLine: {'line': b'-- Installing: /home/ss/uvms/uvms3_hal/install/hal/include/hal/hal/msg\n'}
[105.591591] (hal) StdoutLine: {'line': b'-- Installing: /home/ss/uvms/uvms3_hal/install/hal/include/hal/hal/msg/hal_auxithruster_msg.h\n'}
[105.591635] (hal) StdoutLine: {'line': b'-- Installing: /home/ss/uvms/uvms3_hal/install/hal/include/hal/hal/msg/rosidl_generator_c__visibility_control.h\n'}
[105.591670] (hal) StdoutLine: {'line': b'-- Installing: /home/ss/uvms/uvms3_hal/install/hal/include/hal/hal/msg/detail\n'}
[105.591705] (hal) StdoutLine: {'line': b'-- Installing: /home/ss/uvms/uvms3_hal/install/hal/include/hal/hal/msg/detail/hal_battery_msg__struct.h\n'}
[105.591739] (hal) StdoutLine: {'line': b'-- Installing: /home/ss/uvms/uvms3_hal/install/hal/include/hal/hal/msg/detail/hal_battery_msg__type_support.h\n'}
[105.591773] (hal) StdoutLine: {'line': b'-- Installing: /home/ss/uvms/uvms3_hal/install/hal/include/hal/hal/msg/detail/hal_auxithruster_msg__functions.h\n'}
[105.591807] (hal) StdoutLine: {'line': b'-- Installing: /home/ss/uvms/uvms3_hal/install/hal/include/hal/hal/msg/detail/hal_wingservo_msg__struct.h\n'}
[105.591889] (hal) StdoutLine: {'line': b'-- Installing: /home/ss/uvms/uvms3_hal/install/hal/include/hal/hal/msg/detail/hal_auxithruster_msg__struct.h\n'}
[105.591945] (hal) StdoutLine: {'line': b'-- Installing: /home/ss/uvms/uvms3_hal/install/hal/include/hal/hal/msg/detail/hal_auxithruster_msg__functions.c\n'}
[105.591992] (hal) StdoutLine: {'line': b'-- Installing: /home/ss/uvms/uvms3_hal/install/hal/include/hal/hal/msg/detail/hal_tailservo_msg__functions.h\n'}
[105.592034] (hal) StdoutLine: {'line': b'-- Installing: /home/ss/uvms/uvms3_hal/install/hal/include/hal/hal/msg/detail/hal_battery_msg__functions.c\n'}
[105.592139] (hal) StdoutLine: {'line': b'-- Installing: /home/ss/uvms/uvms3_hal/install/hal/include/hal/hal/msg/detail/hal_wingservo_msg__functions.h\n'}
[105.592194] (hal) StdoutLine: {'line': b'-- Installing: /home/ss/uvms/uvms3_hal/install/hal/include/hal/hal/msg/detail/hal_mainthruster_msg__struct.h\n'}
[105.592248] (hal) StdoutLine: {'line': b'-- Installing: /home/ss/uvms/uvms3_hal/install/hal/include/hal/hal/msg/detail/hal_auxithruster_msg__type_support.h\n'}
[105.592298] (hal) StdoutLine: {'line': b'-- Installing: /home/ss/uvms/uvms3_hal/install/hal/include/hal/hal/msg/detail/hal_tailservo_msg__type_support.h\n'}
[105.592358] (hal) StdoutLine: {'line': b'-- Installing: /home/ss/uvms/uvms3_hal/install/hal/include/hal/hal/msg/detail/hal_wingservo_msg__type_support.h\n'}
[105.592407] (hal) StdoutLine: {'line': b'-- Installing: /home/ss/uvms/uvms3_hal/install/hal/include/hal/hal/msg/detail/hal_tailservo_msg__functions.c\n'}
[105.592516] (hal) StdoutLine: {'line': b'-- Installing: /home/ss/uvms/uvms3_hal/install/hal/include/hal/hal/msg/detail/hal_mainthruster_msg__type_support.h\n'}
[105.592578] (hal) StdoutLine: {'line': b'-- Installing: /home/ss/uvms/uvms3_hal/install/hal/include/hal/hal/msg/detail/hal_mainthruster_msg__functions.c\n'}
[105.592629] (hal) StdoutLine: {'line': b'-- Installing: /home/ss/uvms/uvms3_hal/install/hal/include/hal/hal/msg/detail/hal_mainthruster_msg__functions.h\n'}
[105.592679] (hal) StdoutLine: {'line': b'-- Installing: /home/ss/uvms/uvms3_hal/install/hal/include/hal/hal/msg/detail/hal_wingservo_msg__functions.c\n'}
[105.592727] (hal) StdoutLine: {'line': b'-- Installing: /home/ss/uvms/uvms3_hal/install/hal/include/hal/hal/msg/detail/hal_tailservo_msg__struct.h\n'}
[105.592822] (hal) StdoutLine: {'line': b'-- Installing: /home/ss/uvms/uvms3_hal/install/hal/include/hal/hal/msg/detail/hal_battery_msg__functions.h\n'}
[105.592879] (hal) StdoutLine: {'line': b'-- Installing: /home/ss/uvms/uvms3_hal/install/hal/include/hal/hal/msg/hal_tailservo_msg.h\n'}
[105.592931] (hal) StdoutLine: {'line': b'-- Installing: /home/ss/uvms/uvms3_hal/install/hal/include/hal/hal/msg/hal_wingservo_msg.h\n'}
[105.592978] (hal) StdoutLine: {'line': b'-- Installing: /home/ss/uvms/uvms3_hal/install/hal/include/hal/hal/msg/hal_mainthruster_msg.h\n'}
[105.593101] (hal) StdoutLine: {'line': b'-- Installing: /home/ss/uvms/uvms3_hal/install/hal/include/hal/hal/msg/hal_battery_msg.h\n'}
[105.593207] (hal) StdoutLine: {'line': b'-- Installing: /home/ss/uvms/uvms3_hal/install/hal/share/hal/environment/library_path.sh\n'}
[105.593292] (hal) StdoutLine: {'line': b'-- Installing: /home/ss/uvms/uvms3_hal/install/hal/share/hal/environment/library_path.dsv\n'}
[105.594186] (hal) StdoutLine: {'line': b'-- Installing: /home/ss/uvms/uvms3_hal/install/hal/lib/libhal__rosidl_generator_c.so\n'}
[105.594265] (hal) StdoutLine: {'line': b'-- Set runtime path of "/home/ss/uvms/uvms3_hal/install/hal/lib/libhal__rosidl_generator_c.so" to ""\n'}
[105.594307] (hal) StdoutLine: {'line': b'-- Up-to-date: /home/ss/uvms/uvms3_hal/install/hal/include/hal/hal\n'}
[105.594344] (hal) StdoutLine: {'line': b'-- Up-to-date: /home/ss/uvms/uvms3_hal/install/hal/include/hal/hal/srv\n'}
[105.594379] (hal) StdoutLine: {'line': b'-- Up-to-date: /home/ss/uvms/uvms3_hal/install/hal/include/hal/hal/srv/detail\n'}
[105.594414] (hal) StdoutLine: {'line': b'-- Installing: /home/ss/uvms/uvms3_hal/install/hal/include/hal/hal/srv/detail/hal_battery_control_srv__rosidl_typesupport_fastrtps_c.h\n'}
[105.594448] (hal) StdoutLine: {'line': b'-- Installing: /home/ss/uvms/uvms3_hal/install/hal/include/hal/hal/srv/detail/hal_servocontrol_srv__rosidl_typesupport_fastrtps_c.h\n'}
[105.594525] (hal) StdoutLine: {'line': b'-- Installing: /home/ss/uvms/uvms3_hal/install/hal/include/hal/hal/srv/detail/hal_thrustercontrol_srv__rosidl_typesupport_fastrtps_c.h\n'}
[105.594571] (hal) StdoutLine: {'line': b'-- Up-to-date: /home/ss/uvms/uvms3_hal/install/hal/include/hal/hal/msg\n'}
[105.594607] (hal) StdoutLine: {'line': b'-- Up-to-date: /home/ss/uvms/uvms3_hal/install/hal/include/hal/hal/msg/detail\n'}
[105.594641] (hal) StdoutLine: {'line': b'-- Installing: /home/ss/uvms/uvms3_hal/install/hal/include/hal/hal/msg/detail/hal_wingservo_msg__rosidl_typesupport_fastrtps_c.h\n'}
[105.594675] (hal) StdoutLine: {'line': b'-- Installing: /home/ss/uvms/uvms3_hal/install/hal/include/hal/hal/msg/detail/hal_battery_msg__rosidl_typesupport_fastrtps_c.h\n'}
[105.594712] (hal) StdoutLine: {'line': b'-- Installing: /home/ss/uvms/uvms3_hal/install/hal/include/hal/hal/msg/detail/hal_tailservo_msg__rosidl_typesupport_fastrtps_c.h\n'}
[105.594753] (hal) StdoutLine: {'line': b'-- Installing: /home/ss/uvms/uvms3_hal/install/hal/include/hal/hal/msg/detail/hal_mainthruster_msg__rosidl_typesupport_fastrtps_c.h\n'}
[105.595104] (hal) StdoutLine: {'line': b'-- Installing: /home/ss/uvms/uvms3_hal/install/hal/include/hal/hal/msg/detail/hal_auxithruster_msg__rosidl_typesupport_fastrtps_c.h\n'}
[105.595155] (hal) StdoutLine: {'line': b'-- Installing: /home/ss/uvms/uvms3_hal/install/hal/include/hal/hal/msg/rosidl_typesupport_fastrtps_c__visibility_control.h\n'}
[105.595217] (hal) StdoutLine: {'line': b'-- Installing: /home/ss/uvms/uvms3_hal/install/hal/lib/libhal__rosidl_typesupport_fastrtps_c.so\n'}
[105.595387] (hal) StdoutLine: {'line': b'-- Set runtime path of "/home/ss/uvms/uvms3_hal/install/hal/lib/libhal__rosidl_typesupport_fastrtps_c.so" to ""\n'}
[105.595476] (hal) StdoutLine: {'line': b'-- Up-to-date: /home/ss/uvms/uvms3_hal/install/hal/include/hal/hal\n'}
[105.595518] (hal) StdoutLine: {'line': b'-- Up-to-date: /home/ss/uvms/uvms3_hal/install/hal/include/hal/hal/srv\n'}
[105.595565] (hal) StdoutLine: {'line': b'-- Installing: /home/ss/uvms/uvms3_hal/install/hal/include/hal/hal/srv/hal_battery_control_srv.hpp\n'}
[105.595602] (hal) StdoutLine: {'line': b'-- Up-to-date: /home/ss/uvms/uvms3_hal/install/hal/include/hal/hal/srv/detail\n'}
[105.595637] (hal) StdoutLine: {'line': b'-- Installing: /home/ss/uvms/uvms3_hal/install/hal/include/hal/hal/srv/detail/hal_thrustercontrol_srv__struct.hpp\n'}
[105.595670] (hal) StdoutLine: {'line': b'-- Installing: /home/ss/uvms/uvms3_hal/install/hal/include/hal/hal/srv/detail/hal_battery_control_srv__type_support.hpp\n'}
[105.595724] (hal) StdoutLine: {'line': b'-- Installing: /home/ss/uvms/uvms3_hal/install/hal/include/hal/hal/srv/detail/hal_thrustercontrol_srv__type_support.hpp\n'}
[105.595779] (hal) StdoutLine: {'line': b'-- Installing: /home/ss/uvms/uvms3_hal/install/hal/include/hal/hal/srv/detail/hal_servocontrol_srv__type_support.hpp\n'}
[105.595831] (hal) StdoutLine: {'line': b'-- Installing: /home/ss/uvms/uvms3_hal/install/hal/include/hal/hal/srv/detail/hal_servocontrol_srv__builder.hpp\n'}
[105.595871] (hal) StdoutLine: {'line': b'-- Installing: /home/ss/uvms/uvms3_hal/install/hal/include/hal/hal/srv/detail/hal_servocontrol_srv__traits.hpp\n'}
[105.595917] (hal) StdoutLine: {'line': b'-- Installing: /home/ss/uvms/uvms3_hal/install/hal/include/hal/hal/srv/detail/hal_battery_control_srv__builder.hpp\n'}
[105.595967] (hal) StdoutLine: {'line': b'-- Installing: /home/ss/uvms/uvms3_hal/install/hal/include/hal/hal/srv/detail/hal_battery_control_srv__traits.hpp\n'}
[105.596027] (hal) StdoutLine: {'line': b'-- Installing: /home/ss/uvms/uvms3_hal/install/hal/include/hal/hal/srv/detail/hal_thrustercontrol_srv__builder.hpp\n'}
[105.596139] (hal) StdoutLine: {'line': b'-- Installing: /home/ss/uvms/uvms3_hal/install/hal/include/hal/hal/srv/detail/hal_thrustercontrol_srv__traits.hpp\n'}
[105.596207] (hal) StdoutLine: {'line': b'-- Installing: /home/ss/uvms/uvms3_hal/install/hal/include/hal/hal/srv/detail/hal_servocontrol_srv__struct.hpp\n'}
[105.596332] (hal) StdoutLine: {'line': b'-- Installing: /home/ss/uvms/uvms3_hal/install/hal/include/hal/hal/srv/detail/hal_battery_control_srv__struct.hpp\n'}
[105.596436] (hal) StdoutLine: {'line': b'-- Installing: /home/ss/uvms/uvms3_hal/install/hal/include/hal/hal/srv/hal_thrustercontrol_srv.hpp\n'}
[105.596517] (hal) StdoutLine: {'line': b'-- Installing: /home/ss/uvms/uvms3_hal/install/hal/include/hal/hal/srv/hal_servocontrol_srv.hpp\n'}
[105.596565] (hal) StdoutLine: {'line': b'-- Up-to-date: /home/ss/uvms/uvms3_hal/install/hal/include/hal/hal/msg\n'}
[105.596602] (hal) StdoutLine: {'line': b'-- Installing: /home/ss/uvms/uvms3_hal/install/hal/include/hal/hal/msg/hal_mainthruster_msg.hpp\n'}
[105.596654] (hal) StdoutLine: {'line': b'-- Installing: /home/ss/uvms/uvms3_hal/install/hal/include/hal/hal/msg/hal_wingservo_msg.hpp\n'}
[105.596704] (hal) StdoutLine: {'line': b'-- Installing: /home/ss/uvms/uvms3_hal/install/hal/include/hal/hal/msg/hal_tailservo_msg.hpp\n'}
[105.598146] (hal) StdoutLine: {'line': b'-- Installing: /home/ss/uvms/uvms3_hal/install/hal/include/hal/hal/msg/hal_battery_msg.hpp\n'}
[105.598201] (hal) StdoutLine: {'line': b'-- Up-to-date: /home/ss/uvms/uvms3_hal/install/hal/include/hal/hal/msg/detail\n'}
[105.598238] (hal) StdoutLine: {'line': b'-- Installing: /home/ss/uvms/uvms3_hal/install/hal/include/hal/hal/msg/detail/hal_wingservo_msg__traits.hpp\n'}
[105.598276] (hal) StdoutLine: {'line': b'-- Installing: /home/ss/uvms/uvms3_hal/install/hal/include/hal/hal/msg/detail/hal_mainthruster_msg__type_support.hpp\n'}
[105.598311] (hal) StdoutLine: {'line': b'-- Installing: /home/ss/uvms/uvms3_hal/install/hal/include/hal/hal/msg/detail/hal_mainthruster_msg__struct.hpp\n'}
[105.598344] (hal) StdoutLine: {'line': b'-- Installing: /home/ss/uvms/uvms3_hal/install/hal/include/hal/hal/msg/detail/hal_tailservo_msg__struct.hpp\n'}
[105.598378] (hal) StdoutLine: {'line': b'-- Installing: /home/ss/uvms/uvms3_hal/install/hal/include/hal/hal/msg/detail/hal_auxithruster_msg__struct.hpp\n'}
[105.598412] (hal) StdoutLine: {'line': b'-- Installing: /home/ss/uvms/uvms3_hal/install/hal/include/hal/hal/msg/detail/hal_battery_msg__type_support.hpp\n'}
[105.598445] (hal) StdoutLine: {'line': b'-- Installing: /home/ss/uvms/uvms3_hal/install/hal/include/hal/hal/msg/detail/hal_tailservo_msg__builder.hpp\n'}
[105.598478] (hal) StdoutLine: {'line': b'-- Installing: /home/ss/uvms/uvms3_hal/install/hal/include/hal/hal/msg/detail/hal_mainthruster_msg__builder.hpp\n'}
[105.598510] (hal) StdoutLine: {'line': b'-- Installing: /home/ss/uvms/uvms3_hal/install/hal/include/hal/hal/msg/detail/hal_battery_msg__builder.hpp\n'}
[105.598547] (hal) StdoutLine: {'line': b'-- Installing: /home/ss/uvms/uvms3_hal/install/hal/include/hal/hal/msg/detail/hal_battery_msg__struct.hpp\n'}
[105.598581] (hal) StdoutLine: {'line': b'-- Installing: /home/ss/uvms/uvms3_hal/install/hal/include/hal/hal/msg/detail/hal_auxithruster_msg__builder.hpp\n'}
[105.598614] (hal) StdoutLine: {'line': b'-- Installing: /home/ss/uvms/uvms3_hal/install/hal/include/hal/hal/msg/detail/hal_auxithruster_msg__traits.hpp\n'}
[105.598647] (hal) StdoutLine: {'line': b'-- Installing: /home/ss/uvms/uvms3_hal/install/hal/include/hal/hal/msg/detail/hal_mainthruster_msg__traits.hpp\n'}
[105.598680] (hal) StdoutLine: {'line': b'-- Installing: /home/ss/uvms/uvms3_hal/install/hal/include/hal/hal/msg/detail/hal_wingservo_msg__type_support.hpp\n'}
[105.598712] (hal) StdoutLine: {'line': b'-- Installing: /home/ss/uvms/uvms3_hal/install/hal/include/hal/hal/msg/detail/hal_tailservo_msg__traits.hpp\n'}
[105.598746] (hal) StdoutLine: {'line': b'-- Installing: /home/ss/uvms/uvms3_hal/install/hal/include/hal/hal/msg/detail/hal_wingservo_msg__struct.hpp\n'}
[105.598778] (hal) StdoutLine: {'line': b'-- Installing: /home/ss/uvms/uvms3_hal/install/hal/include/hal/hal/msg/detail/hal_battery_msg__traits.hpp\n'}
[105.598810] (hal) StdoutLine: {'line': b'-- Installing: /home/ss/uvms/uvms3_hal/install/hal/include/hal/hal/msg/detail/hal_wingservo_msg__builder.hpp\n'}
[105.598843] (hal) StdoutLine: {'line': b'-- Installing: /home/ss/uvms/uvms3_hal/install/hal/include/hal/hal/msg/detail/hal_auxithruster_msg__type_support.hpp\n'}
[105.598876] (hal) StdoutLine: {'line': b'-- Installing: /home/ss/uvms/uvms3_hal/install/hal/include/hal/hal/msg/detail/hal_tailservo_msg__type_support.hpp\n'}
[105.598909] (hal) StdoutLine: {'line': b'-- Installing: /home/ss/uvms/uvms3_hal/install/hal/include/hal/hal/msg/hal_auxithruster_msg.hpp\n'}
[105.598985] (hal) StdoutLine: {'line': b'-- Installing: /home/ss/uvms/uvms3_hal/install/hal/include/hal/hal/msg/rosidl_generator_cpp__visibility_control.hpp\n'}
[105.599024] (hal) StdoutLine: {'line': b'-- Up-to-date: /home/ss/uvms/uvms3_hal/install/hal/include/hal/hal\n'}
[105.599357] (hal) StdoutLine: {'line': b'-- Up-to-date: /home/ss/uvms/uvms3_hal/install/hal/include/hal/hal/srv\n'}
[105.599398] (hal) StdoutLine: {'line': b'-- Up-to-date: /home/ss/uvms/uvms3_hal/install/hal/include/hal/hal/srv/detail\n'}
[105.599434] (hal) StdoutLine: {'line': b'-- Installing: /home/ss/uvms/uvms3_hal/install/hal/include/hal/hal/srv/detail/hal_battery_control_srv__rosidl_typesupport_fastrtps_cpp.hpp\n'}
[105.599471] (hal) StdoutLine: {'line': b'-- Installing: /home/ss/uvms/uvms3_hal/install/hal/include/hal/hal/srv/detail/hal_thrustercontrol_srv__rosidl_typesupport_fastrtps_cpp.hpp\n'}
[105.599507] (hal) StdoutLine: {'line': b'-- Installing: /home/ss/uvms/uvms3_hal/install/hal/include/hal/hal/srv/detail/hal_servocontrol_srv__rosidl_typesupport_fastrtps_cpp.hpp\n'}
[105.599540] (hal) StdoutLine: {'line': b'-- Installing: /home/ss/uvms/uvms3_hal/install/hal/include/hal/hal/srv/detail/dds_fastrtps\n'}
[105.599573] (hal) StdoutLine: {'line': b'-- Up-to-date: /home/ss/uvms/uvms3_hal/install/hal/include/hal/hal/msg\n'}
[105.599606] (hal) StdoutLine: {'line': b'-- Up-to-date: /home/ss/uvms/uvms3_hal/install/hal/include/hal/hal/msg/detail\n'}
[105.599639] (hal) StdoutLine: {'line': b'-- Installing: /home/ss/uvms/uvms3_hal/install/hal/include/hal/hal/msg/detail/hal_mainthruster_msg__rosidl_typesupport_fastrtps_cpp.hpp\n'}
[105.599672] (hal) StdoutLine: {'line': b'-- Installing: /home/ss/uvms/uvms3_hal/install/hal/include/hal/hal/msg/detail/hal_tailservo_msg__rosidl_typesupport_fastrtps_cpp.hpp\n'}
[105.599705] (hal) StdoutLine: {'line': b'-- Installing: /home/ss/uvms/uvms3_hal/install/hal/include/hal/hal/msg/detail/hal_wingservo_msg__rosidl_typesupport_fastrtps_cpp.hpp\n'}
[105.599738] (hal) StdoutLine: {'line': b'-- Installing: /home/ss/uvms/uvms3_hal/install/hal/include/hal/hal/msg/detail/hal_auxithruster_msg__rosidl_typesupport_fastrtps_cpp.hpp\n'}
[105.599772] (hal) StdoutLine: {'line': b'-- Installing: /home/ss/uvms/uvms3_hal/install/hal/include/hal/hal/msg/detail/dds_fastrtps\n'}
[105.599826] (hal) StdoutLine: {'line': b'-- Installing: /home/ss/uvms/uvms3_hal/install/hal/include/hal/hal/msg/detail/hal_battery_msg__rosidl_typesupport_fastrtps_cpp.hpp\n'}
[105.599867] (hal) StdoutLine: {'line': b'-- Installing: /home/ss/uvms/uvms3_hal/install/hal/include/hal/hal/msg/rosidl_typesupport_fastrtps_cpp__visibility_control.h\n'}
[105.600067] (hal) StdoutLine: {'line': b'-- Installing: /home/ss/uvms/uvms3_hal/install/hal/lib/libhal__rosidl_typesupport_fastrtps_cpp.so\n'}
[105.600131] (hal) StdoutLine: {'line': b'-- Set runtime path of "/home/ss/uvms/uvms3_hal/install/hal/lib/libhal__rosidl_typesupport_fastrtps_cpp.so" to ""\n'}
[105.600173] (hal) StdoutLine: {'line': b'-- Up-to-date: /home/ss/uvms/uvms3_hal/install/hal/include/hal/hal\n'}
[105.600217] (hal) StdoutLine: {'line': b'-- Up-to-date: /home/ss/uvms/uvms3_hal/install/hal/include/hal/hal/srv\n'}
[105.600251] (hal) StdoutLine: {'line': b'-- Up-to-date: /home/ss/uvms/uvms3_hal/install/hal/include/hal/hal/srv/detail\n'}
[105.600285] (hal) StdoutLine: {'line': b'-- Installing: /home/ss/uvms/uvms3_hal/install/hal/include/hal/hal/srv/detail/hal_battery_control_srv__type_support.c\n'}
[105.600318] (hal) StdoutLine: {'line': b'-- Installing: /home/ss/uvms/uvms3_hal/install/hal/include/hal/hal/srv/detail/hal_thrustercontrol_srv__type_support.c\n'}
[105.600351] (hal) StdoutLine: {'line': b'-- Installing: /home/ss/uvms/uvms3_hal/install/hal/include/hal/hal/srv/detail/hal_battery_control_srv__rosidl_typesupport_introspection_c.h\n'}
[105.600385] (hal) StdoutLine: {'line': b'-- Installing: /home/ss/uvms/uvms3_hal/install/hal/include/hal/hal/srv/detail/hal_servocontrol_srv__type_support.c\n'}
[105.600421] (hal) StdoutLine: {'line': b'-- Installing: /home/ss/uvms/uvms3_hal/install/hal/include/hal/hal/srv/detail/hal_thrustercontrol_srv__rosidl_typesupport_introspection_c.h\n'}
[105.600454] (hal) StdoutLine: {'line': b'-- Installing: /home/ss/uvms/uvms3_hal/install/hal/include/hal/hal/srv/detail/hal_servocontrol_srv__rosidl_typesupport_introspection_c.h\n'}
[105.600487] (hal) StdoutLine: {'line': b'-- Up-to-date: /home/ss/uvms/uvms3_hal/install/hal/include/hal/hal/msg\n'}
[105.600520] (hal) StdoutLine: {'line': b'-- Up-to-date: /home/ss/uvms/uvms3_hal/install/hal/include/hal/hal/msg/detail\n'}
[105.600553] (hal) StdoutLine: {'line': b'-- Installing: /home/ss/uvms/uvms3_hal/install/hal/include/hal/hal/msg/detail/hal_tailservo_msg__type_support.c\n'}
[105.601372] (hal) StdoutLine: {'line': b'-- Installing: /home/ss/uvms/uvms3_hal/install/hal/include/hal/hal/msg/detail/hal_tailservo_msg__rosidl_typesupport_introspection_c.h\n'}
[105.601456] (hal) StdoutLine: {'line': b'-- Installing: /home/ss/uvms/uvms3_hal/install/hal/include/hal/hal/msg/detail/hal_mainthruster_msg__rosidl_typesupport_introspection_c.h\n'}
[105.601511] (hal) StdoutLine: {'line': b'-- Installing: /home/ss/uvms/uvms3_hal/install/hal/include/hal/hal/msg/detail/hal_wingservo_msg__type_support.c\n'}
[105.601576] (hal) StdoutLine: {'line': b'-- Installing: /home/ss/uvms/uvms3_hal/install/hal/include/hal/hal/msg/detail/hal_wingservo_msg__rosidl_typesupport_introspection_c.h\n'}
[105.601631] (hal) StdoutLine: {'line': b'-- Installing: /home/ss/uvms/uvms3_hal/install/hal/include/hal/hal/msg/detail/hal_battery_msg__rosidl_typesupport_introspection_c.h\n'}
[105.601681] (hal) StdoutLine: {'line': b'-- Installing: /home/ss/uvms/uvms3_hal/install/hal/include/hal/hal/msg/detail/hal_mainthruster_msg__type_support.c\n'}
[105.601735] (hal) StdoutLine: {'line': b'-- Installing: /home/ss/uvms/uvms3_hal/install/hal/include/hal/hal/msg/detail/hal_battery_msg__type_support.c\n'}
[105.601785] (hal) StdoutLine: {'line': b'-- Installing: /home/ss/uvms/uvms3_hal/install/hal/include/hal/hal/msg/detail/hal_auxithruster_msg__rosidl_typesupport_introspection_c.h\n'}
[105.601837] (hal) StdoutLine: {'line': b'-- Installing: /home/ss/uvms/uvms3_hal/install/hal/include/hal/hal/msg/detail/hal_auxithruster_msg__type_support.c\n'}
[105.601885] (hal) StdoutLine: {'line': b'-- Installing: /home/ss/uvms/uvms3_hal/install/hal/include/hal/hal/msg/rosidl_typesupport_introspection_c__visibility_control.h\n'}
[105.601931] (hal) StdoutLine: {'line': b'-- Installing: /home/ss/uvms/uvms3_hal/install/hal/lib/libhal__rosidl_typesupport_introspection_c.so\n'}
[105.602461] (hal) StdoutLine: {'line': b'-- Set runtime path of "/home/ss/uvms/uvms3_hal/install/hal/lib/libhal__rosidl_typesupport_introspection_c.so" to ""\n'}
[105.602547] (hal) StdoutLine: {'line': b'-- Installing: /home/ss/uvms/uvms3_hal/install/hal/lib/libhal__rosidl_typesupport_c.so\n'}
[105.602595] (hal) StdoutLine: {'line': b'-- Set runtime path of "/home/ss/uvms/uvms3_hal/install/hal/lib/libhal__rosidl_typesupport_c.so" to ""\n'}
[105.602631] (hal) StdoutLine: {'line': b'-- Up-to-date: /home/ss/uvms/uvms3_hal/install/hal/include/hal/hal\n'}
[105.602666] (hal) StdoutLine: {'line': b'-- Up-to-date: /home/ss/uvms/uvms3_hal/install/hal/include/hal/hal/srv\n'}
[105.602749] (hal) StdoutLine: {'line': b'-- Up-to-date: /home/ss/uvms/uvms3_hal/install/hal/include/hal/hal/srv/detail\n'}
[105.602832] (hal) StdoutLine: {'line': b'-- Installing: /home/ss/uvms/uvms3_hal/install/hal/include/hal/hal/srv/detail/hal_servocontrol_srv__rosidl_typesupport_introspection_cpp.hpp\n'}
[105.602874] (hal) StdoutLine: {'line': b'-- Installing: /home/ss/uvms/uvms3_hal/install/hal/include/hal/hal/srv/detail/hal_battery_control_srv__rosidl_typesupport_introspection_cpp.hpp\n'}
[105.602920] (hal) StdoutLine: {'line': b'-- Installing: /home/ss/uvms/uvms3_hal/install/hal/include/hal/hal/srv/detail/hal_battery_control_srv__type_support.cpp\n'}
[105.602972] (hal) StdoutLine: {'line': b'-- Installing: /home/ss/uvms/uvms3_hal/install/hal/include/hal/hal/srv/detail/hal_thrustercontrol_srv__rosidl_typesupport_introspection_cpp.hpp\n'}
[105.603024] (hal) StdoutLine: {'line': b'-- Installing: /home/ss/uvms/uvms3_hal/install/hal/include/hal/hal/srv/detail/hal_thrustercontrol_srv__type_support.cpp\n'}
[105.603069] (hal) StdoutLine: {'line': b'-- Installing: /home/ss/uvms/uvms3_hal/install/hal/include/hal/hal/srv/detail/hal_servocontrol_srv__type_support.cpp\n'}
[105.603120] (hal) StdoutLine: {'line': b'-- Up-to-date: /home/ss/uvms/uvms3_hal/install/hal/include/hal/hal/msg\n'}
[105.603156] (hal) StdoutLine: {'line': b'-- Up-to-date: /home/ss/uvms/uvms3_hal/install/hal/include/hal/hal/msg/detail\n'}
[105.603205] (hal) StdoutLine: {'line': b'-- Installing: /home/ss/uvms/uvms3_hal/install/hal/include/hal/hal/msg/detail/hal_wingservo_msg__rosidl_typesupport_introspection_cpp.hpp\n'}
[105.603258] (hal) StdoutLine: {'line': b'-- Installing: /home/ss/uvms/uvms3_hal/install/hal/include/hal/hal/msg/detail/hal_auxithruster_msg__rosidl_typesupport_introspection_cpp.hpp\n'}
[105.603293] (hal) StdoutLine: {'line': b'-- Installing: /home/ss/uvms/uvms3_hal/install/hal/include/hal/hal/msg/detail/hal_battery_msg__rosidl_typesupport_introspection_cpp.hpp\n'}
[105.603343] (hal) StdoutLine: {'line': b'-- Installing: /home/ss/uvms/uvms3_hal/install/hal/include/hal/hal/msg/detail/hal_mainthruster_msg__type_support.cpp\n'}
[105.603381] (hal) StdoutLine: {'line': b'-- Installing: /home/ss/uvms/uvms3_hal/install/hal/include/hal/hal/msg/detail/hal_mainthruster_msg__rosidl_typesupport_introspection_cpp.hpp\n'}
[105.603428] (hal) StdoutLine: {'line': b'-- Installing: /home/ss/uvms/uvms3_hal/install/hal/include/hal/hal/msg/detail/hal_battery_msg__type_support.cpp\n'}
[105.603466] (hal) StdoutLine: {'line': b'-- Installing: /home/ss/uvms/uvms3_hal/install/hal/include/hal/hal/msg/detail/hal_tailservo_msg__type_support.cpp\n'}
[105.603511] (hal) StdoutLine: {'line': b'-- Installing: /home/ss/uvms/uvms3_hal/install/hal/include/hal/hal/msg/detail/hal_wingservo_msg__type_support.cpp\n'}
[105.603544] (hal) StdoutLine: {'line': b'-- Installing: /home/ss/uvms/uvms3_hal/install/hal/include/hal/hal/msg/detail/hal_auxithruster_msg__type_support.cpp\n'}
[105.603874] (hal) StdoutLine: {'line': b'-- Installing: /home/ss/uvms/uvms3_hal/install/hal/include/hal/hal/msg/detail/hal_tailservo_msg__rosidl_typesupport_introspection_cpp.hpp\n'}
[105.603915] (hal) StdoutLine: {'line': b'-- Installing: /home/ss/uvms/uvms3_hal/install/hal/lib/libhal__rosidl_typesupport_introspection_cpp.so\n'}
[105.604399] (hal) StdoutLine: {'line': b'-- Set runtime path of "/home/ss/uvms/uvms3_hal/install/hal/lib/libhal__rosidl_typesupport_introspection_cpp.so" to ""\n'}
[105.604489] (hal) StdoutLine: {'line': b'-- Installing: /home/ss/uvms/uvms3_hal/install/hal/lib/libhal__rosidl_typesupport_cpp.so\n'}
[105.604553] (hal) StdoutLine: {'line': b'-- Set runtime path of "/home/ss/uvms/uvms3_hal/install/hal/lib/libhal__rosidl_typesupport_cpp.so" to ""\n'}
[105.604764] (hal) StdoutLine: {'line': b'-- Installing: /home/ss/uvms/uvms3_hal/install/hal/share/hal/environment/pythonpath.sh\n'}
[105.604822] (hal) StdoutLine: {'line': b'-- Installing: /home/ss/uvms/uvms3_hal/install/hal/share/hal/environment/pythonpath.dsv\n'}
[105.604869] (hal) StdoutLine: {'line': b'-- Installing: /home/ss/uvms/uvms3_hal/install/hal/local/lib/python3.10/dist-packages/hal-0.0.1-py3.10.egg-info\n'}
[105.604906] (hal) StdoutLine: {'line': b'-- Installing: /home/ss/uvms/uvms3_hal/install/hal/local/lib/python3.10/dist-packages/hal-0.0.1-py3.10.egg-info/PKG-INFO\n'}
[105.617473] (-) TimerEvent: {}
[105.620243] (hal) StdoutLine: {'line': b'-- Installing: /home/ss/uvms/uvms3_hal/install/hal/local/lib/python3.10/dist-packages/hal-0.0.1-py3.10.egg-info/SOURCES.txt\n'}
[105.620399] (hal) StdoutLine: {'line': b'-- Installing: /home/ss/uvms/uvms3_hal/install/hal/local/lib/python3.10/dist-packages/hal-0.0.1-py3.10.egg-info/top_level.txt\n'}
[105.620443] (hal) StdoutLine: {'line': b'-- Installing: /home/ss/uvms/uvms3_hal/install/hal/local/lib/python3.10/dist-packages/hal-0.0.1-py3.10.egg-info/dependency_links.txt\n'}
[105.620529] (hal) StdoutLine: {'line': b'-- Installing: /home/ss/uvms/uvms3_hal/install/hal/local/lib/python3.10/dist-packages/hal\n'}
[105.620588] (hal) StdoutLine: {'line': b'-- Installing: /home/ss/uvms/uvms3_hal/install/hal/local/lib/python3.10/dist-packages/hal/srv\n'}
[105.620637] (hal) StdoutLine: {'line': b'-- Installing: /home/ss/uvms/uvms3_hal/install/hal/local/lib/python3.10/dist-packages/hal/srv/_hal_thrustercontrol_srv.py\n'}
[105.620682] (hal) StdoutLine: {'line': b'-- Installing: /home/ss/uvms/uvms3_hal/install/hal/local/lib/python3.10/dist-packages/hal/srv/_hal_servocontrol_srv_s.c\n'}
[105.620748] (hal) StdoutLine: {'line': b'-- Installing: /home/ss/uvms/uvms3_hal/install/hal/local/lib/python3.10/dist-packages/hal/srv/_hal_thrustercontrol_srv_s.c\n'}
[105.620810] (hal) StdoutLine: {'line': b'-- Installing: /home/ss/uvms/uvms3_hal/install/hal/local/lib/python3.10/dist-packages/hal/srv/_hal_battery_control_srv.py\n'}
[105.620903] (hal) StdoutLine: {'line': b'-- Installing: /home/ss/uvms/uvms3_hal/install/hal/local/lib/python3.10/dist-packages/hal/srv/_hal_servocontrol_srv.py\n'}
[105.621037] (hal) StdoutLine: {'line': b'-- Installing: /home/ss/uvms/uvms3_hal/install/hal/local/lib/python3.10/dist-packages/hal/srv/_hal_battery_control_srv_s.c\n'}
[105.621123] (hal) StdoutLine: {'line': b'-- Installing: /home/ss/uvms/uvms3_hal/install/hal/local/lib/python3.10/dist-packages/hal/srv/__init__.py\n'}
[105.621186] (hal) StdoutLine: {'line': b'-- Installing: /home/ss/uvms/uvms3_hal/install/hal/local/lib/python3.10/dist-packages/hal/libhal__rosidl_generator_py.so\n'}
[105.621323] (hal) StdoutLine: {'line': b'-- Installing: /home/ss/uvms/uvms3_hal/install/hal/local/lib/python3.10/dist-packages/hal/_hal_s.ep.rosidl_typesupport_c.c\n'}
[105.621438] (hal) StdoutLine: {'line': b'-- Installing: /home/ss/uvms/uvms3_hal/install/hal/local/lib/python3.10/dist-packages/hal/_hal_s.ep.rosidl_typesupport_fastrtps_c.c\n'}
[105.621586] (hal) StdoutLine: {'line': b'-- Installing: /home/ss/uvms/uvms3_hal/install/hal/local/lib/python3.10/dist-packages/hal/hal_s__rosidl_typesupport_fastrtps_c.cpython-310-x86_64-linux-gnu.so\n'}
[105.621713] (hal) StdoutLine: {'line': b'-- Installing: /home/ss/uvms/uvms3_hal/install/hal/local/lib/python3.10/dist-packages/hal/hal_s__rosidl_typesupport_introspection_c.cpython-310-x86_64-linux-gnu.so\n'}
[105.621841] (hal) StdoutLine: {'line': b'-- Installing: /home/ss/uvms/uvms3_hal/install/hal/local/lib/python3.10/dist-packages/hal/__init__.py\n'}
[105.621905] (hal) StdoutLine: {'line': b'-- Installing: /home/ss/uvms/uvms3_hal/install/hal/local/lib/python3.10/dist-packages/hal/hal_s__rosidl_typesupport_c.cpython-310-x86_64-linux-gnu.so\n'}
[105.622009] (hal) StdoutLine: {'line': b'-- Installing: /home/ss/uvms/uvms3_hal/install/hal/local/lib/python3.10/dist-packages/hal/_hal_s.ep.rosidl_typesupport_introspection_c.c\n'}
[105.622126] (hal) StdoutLine: {'line': b'-- Installing: /home/ss/uvms/uvms3_hal/install/hal/local/lib/python3.10/dist-packages/hal/msg\n'}
[105.622191] (hal) StdoutLine: {'line': b'-- Installing: /home/ss/uvms/uvms3_hal/install/hal/local/lib/python3.10/dist-packages/hal/msg/_hal_tailservo_msg.py\n'}
[105.622273] (hal) StdoutLine: {'line': b'-- Installing: /home/ss/uvms/uvms3_hal/install/hal/local/lib/python3.10/dist-packages/hal/msg/_hal_battery_msg_s.c\n'}
[105.622335] (hal) StdoutLine: {'line': b'-- Installing: /home/ss/uvms/uvms3_hal/install/hal/local/lib/python3.10/dist-packages/hal/msg/_hal_battery_msg.py\n'}
[105.622439] (hal) StdoutLine: {'line': b'-- Installing: /home/ss/uvms/uvms3_hal/install/hal/local/lib/python3.10/dist-packages/hal/msg/_hal_wingservo_msg.py\n'}
[105.622540] (hal) StdoutLine: {'line': b'-- Installing: /home/ss/uvms/uvms3_hal/install/hal/local/lib/python3.10/dist-packages/hal/msg/_hal_auxithruster_msg_s.c\n'}
[105.622637] (hal) StdoutLine: {'line': b'-- Installing: /home/ss/uvms/uvms3_hal/install/hal/local/lib/python3.10/dist-packages/hal/msg/_hal_mainthruster_msg_s.c\n'}
[105.622707] (hal) StdoutLine: {'line': b'-- Installing: /home/ss/uvms/uvms3_hal/install/hal/local/lib/python3.10/dist-packages/hal/msg/_hal_tailservo_msg_s.c\n'}
[105.622754] (hal) StdoutLine: {'line': b'-- Installing: /home/ss/uvms/uvms3_hal/install/hal/local/lib/python3.10/dist-packages/hal/msg/_hal_mainthruster_msg.py\n'}
[105.633519] (hal) StdoutLine: {'line': b'-- Installing: /home/ss/uvms/uvms3_hal/install/hal/local/lib/python3.10/dist-packages/hal/msg/_hal_wingservo_msg_s.c\n'}
[105.633702] (hal) StdoutLine: {'line': b'-- Installing: /home/ss/uvms/uvms3_hal/install/hal/local/lib/python3.10/dist-packages/hal/msg/__init__.py\n'}
[105.633772] (hal) StdoutLine: {'line': b'-- Installing: /home/ss/uvms/uvms3_hal/install/hal/local/lib/python3.10/dist-packages/hal/msg/_hal_auxithruster_msg.py\n'}
[105.700993] (hal) StdoutLine: {'line': b"Listing '/home/ss/uvms/uvms3_hal/install/hal/local/lib/python3.10/dist-packages/hal'...\n"}
[105.701168] (hal) StdoutLine: {'line': b"Compiling '/home/ss/uvms/uvms3_hal/install/hal/local/lib/python3.10/dist-packages/hal/__init__.py'...\n"}
[105.701212] (hal) StdoutLine: {'line': b"Listing '/home/ss/uvms/uvms3_hal/install/hal/local/lib/python3.10/dist-packages/hal/msg'...\n"}
[105.701248] (hal) StdoutLine: {'line': b"Compiling '/home/ss/uvms/uvms3_hal/install/hal/local/lib/python3.10/dist-packages/hal/msg/__init__.py'...\n"}
[105.701283] (hal) StdoutLine: {'line': b"Compiling '/home/ss/uvms/uvms3_hal/install/hal/local/lib/python3.10/dist-packages/hal/msg/_hal_auxithruster_msg.py'...\n"}
[105.701317] (hal) StdoutLine: {'line': b"Compiling '/home/ss/uvms/uvms3_hal/install/hal/local/lib/python3.10/dist-packages/hal/msg/_hal_battery_msg.py'...\n"}
[105.701360] (hal) StdoutLine: {'line': b"Compiling '/home/ss/uvms/uvms3_hal/install/hal/local/lib/python3.10/dist-packages/hal/msg/_hal_mainthruster_msg.py'...\n"}
[105.701394] (hal) StdoutLine: {'line': b"Compiling '/home/ss/uvms/uvms3_hal/install/hal/local/lib/python3.10/dist-packages/hal/msg/_hal_tailservo_msg.py'...\n"}
[105.701429] (hal) StdoutLine: {'line': b"Compiling '/home/ss/uvms/uvms3_hal/install/hal/local/lib/python3.10/dist-packages/hal/msg/_hal_wingservo_msg.py'...\n"}
[105.701462] (hal) StdoutLine: {'line': b"Listing '/home/ss/uvms/uvms3_hal/install/hal/local/lib/python3.10/dist-packages/hal/srv'...\n"}
[105.701495] (hal) StdoutLine: {'line': b"Compiling '/home/ss/uvms/uvms3_hal/install/hal/local/lib/python3.10/dist-packages/hal/srv/__init__.py'...\n"}
[105.701529] (hal) StdoutLine: {'line': b"Compiling '/home/ss/uvms/uvms3_hal/install/hal/local/lib/python3.10/dist-packages/hal/srv/_hal_battery_control_srv.py'...\n"}
[105.701562] (hal) StdoutLine: {'line': b"Compiling '/home/ss/uvms/uvms3_hal/install/hal/local/lib/python3.10/dist-packages/hal/srv/_hal_servocontrol_srv.py'...\n"}
[105.701596] (hal) StdoutLine: {'line': b"Compiling '/home/ss/uvms/uvms3_hal/install/hal/local/lib/python3.10/dist-packages/hal/srv/_hal_thrustercontrol_srv.py'...\n"}
[105.704847] (hal) StdoutLine: {'line': b'-- Installing: /home/ss/uvms/uvms3_hal/install/hal/local/lib/python3.10/dist-packages/hal/hal_s__rosidl_typesupport_fastrtps_c.cpython-310-x86_64-linux-gnu.so\n'}
[105.705183] (hal) StdoutLine: {'line': b'-- Set runtime path of "/home/ss/uvms/uvms3_hal/install/hal/local/lib/python3.10/dist-packages/hal/hal_s__rosidl_typesupport_fastrtps_c.cpython-310-x86_64-linux-gnu.so" to ""\n'}
[105.705382] (hal) StdoutLine: {'line': b'-- Installing: /home/ss/uvms/uvms3_hal/install/hal/local/lib/python3.10/dist-packages/hal/hal_s__rosidl_typesupport_introspection_c.cpython-310-x86_64-linux-gnu.so\n'}
[105.705844] (hal) StdoutLine: {'line': b'-- Set runtime path of "/home/ss/uvms/uvms3_hal/install/hal/local/lib/python3.10/dist-packages/hal/hal_s__rosidl_typesupport_introspection_c.cpython-310-x86_64-linux-gnu.so" to ""\n'}
[105.706035] (hal) StdoutLine: {'line': b'-- Installing: /home/ss/uvms/uvms3_hal/install/hal/local/lib/python3.10/dist-packages/hal/hal_s__rosidl_typesupport_c.cpython-310-x86_64-linux-gnu.so\n'}
[105.706367] (hal) StdoutLine: {'line': b'-- Set runtime path of "/home/ss/uvms/uvms3_hal/install/hal/local/lib/python3.10/dist-packages/hal/hal_s__rosidl_typesupport_c.cpython-310-x86_64-linux-gnu.so" to ""\n'}
[105.706679] (hal) StdoutLine: {'line': b'-- Installing: /home/ss/uvms/uvms3_hal/install/hal/lib/libhal__rosidl_generator_py.so\n'}
[105.707103] (hal) StdoutLine: {'line': b'-- Set runtime path of "/home/ss/uvms/uvms3_hal/install/hal/lib/libhal__rosidl_generator_py.so" to ""\n'}
[105.707205] (hal) StdoutLine: {'line': b'-- Installing: /home/ss/uvms/uvms3_hal/install/hal/share/hal/msg/HalTailservoMsg.idl\n'}
[105.707280] (hal) StdoutLine: {'line': b'-- Installing: /home/ss/uvms/uvms3_hal/install/hal/share/hal/msg/HalWingservoMsg.idl\n'}
[105.707346] (hal) StdoutLine: {'line': b'-- Installing: /home/ss/uvms/uvms3_hal/install/hal/share/hal/msg/HalMainthrusterMsg.idl\n'}
[105.707420] (hal) StdoutLine: {'line': b'-- Installing: /home/ss/uvms/uvms3_hal/install/hal/share/hal/msg/HalAuxithrusterMsg.idl\n'}
[105.707481] (hal) StdoutLine: {'line': b'-- Installing: /home/ss/uvms/uvms3_hal/install/hal/share/hal/srv/HalServocontrolSrv.idl\n'}
[105.707590] (hal) StdoutLine: {'line': b'-- Installing: /home/ss/uvms/uvms3_hal/install/hal/share/hal/srv/HalThrustercontrolSrv.idl\n'}
[105.707645] (hal) StdoutLine: {'line': b'-- Installing: /home/ss/uvms/uvms3_hal/install/hal/share/hal/msg/HalBatteryMsg.idl\n'}
[105.707752] (hal) StdoutLine: {'line': b'-- Installing: /home/ss/uvms/uvms3_hal/install/hal/share/hal/srv/HalBatteryControlSrv.idl\n'}
[105.707831] (hal) StdoutLine: {'line': b'-- Installing: /home/ss/uvms/uvms3_hal/install/hal/share/hal/msg/HalTailservoMsg.msg\n'}
[105.707941] (hal) StdoutLine: {'line': b'-- Installing: /home/ss/uvms/uvms3_hal/install/hal/share/hal/msg/HalWingservoMsg.msg\n'}
[105.708030] (hal) StdoutLine: {'line': b'-- Installing: /home/ss/uvms/uvms3_hal/install/hal/share/hal/msg/HalMainthrusterMsg.msg\n'}
[105.708126] (hal) StdoutLine: {'line': b'-- Installing: /home/ss/uvms/uvms3_hal/install/hal/share/hal/msg/HalAuxithrusterMsg.msg\n'}
[105.708216] (hal) StdoutLine: {'line': b'-- Installing: /home/ss/uvms/uvms3_hal/install/hal/share/hal/srv/HalServocontrolSrv.srv\n'}
[105.708339] (hal) StdoutLine: {'line': b'-- Installing: /home/ss/uvms/uvms3_hal/install/hal/share/hal/srv/HalServocontrolSrv_Request.msg\n'}
[105.708434] (hal) StdoutLine: {'line': b'-- Installing: /home/ss/uvms/uvms3_hal/install/hal/share/hal/srv/HalServocontrolSrv_Response.msg\n'}
[105.708530] (hal) StdoutLine: {'line': b'-- Installing: /home/ss/uvms/uvms3_hal/install/hal/share/hal/srv/HalThrustercontrolSrv.srv\n'}
[105.708633] (hal) StdoutLine: {'line': b'-- Installing: /home/ss/uvms/uvms3_hal/install/hal/share/hal/srv/HalThrustercontrolSrv_Request.msg\n'}
[105.708723] (hal) StdoutLine: {'line': b'-- Installing: /home/ss/uvms/uvms3_hal/install/hal/share/hal/srv/HalThrustercontrolSrv_Response.msg\n'}
[105.708837] (hal) StdoutLine: {'line': b'-- Installing: /home/ss/uvms/uvms3_hal/install/hal/share/hal/msg/HalBatteryMsg.msg\n'}
[105.708932] (hal) StdoutLine: {'line': b'-- Installing: /home/ss/uvms/uvms3_hal/install/hal/share/hal/srv/HalBatteryControlSrv.srv\n'}
[105.709025] (hal) StdoutLine: {'line': b'-- Installing: /home/ss/uvms/uvms3_hal/install/hal/share/hal/srv/HalBatteryControlSrv_Request.msg\n'}
[105.709122] (hal) StdoutLine: {'line': b'-- Installing: /home/ss/uvms/uvms3_hal/install/hal/share/hal/srv/HalBatteryControlSrv_Response.msg\n'}
[105.709306] (hal) StdoutLine: {'line': b'-- Installing: /home/ss/uvms/uvms3_hal/install/hal/lib/hal/hal_battery_node\n'}
[105.712211] (hal) StdoutLine: {'line': b'-- Set runtime path of "/home/ss/uvms/uvms3_hal/install/hal/lib/hal/hal_battery_node" to ""\n'}
[105.712277] (hal) StdoutLine: {'line': b'-- Installing: /home/ss/uvms/uvms3_hal/install/hal/lib/hal/hal_antennacontrol_node\n'}
[105.714197] (hal) StdoutLine: {'line': b'-- Set runtime path of "/home/ss/uvms/uvms3_hal/install/hal/lib/hal/hal_antennacontrol_node" to ""\n'}
[105.714318] (hal) StdoutLine: {'line': b'-- Installing: /home/ss/uvms/uvms3_hal/install/hal/lib/hal/hal_lightcontrol_node\n'}
[105.717150] (hal) StdoutLine: {'line': b'-- Set runtime path of "/home/ss/uvms/uvms3_hal/install/hal/lib/hal/hal_lightcontrol_node" to ""\n'}
[105.717229] (hal) StdoutLine: {'line': b'-- Installing: /home/ss/uvms/uvms3_hal/install/hal/lib/hal/hal_servo_node\n'}
[105.717514] (-) TimerEvent: {}
[105.720745] (hal) StdoutLine: {'line': b'-- Set runtime path of "/home/ss/uvms/uvms3_hal/install/hal/lib/hal/hal_servo_node" to ""\n'}
[105.720835] (hal) StdoutLine: {'line': b'-- Installing: /home/ss/uvms/uvms3_hal/install/hal/lib/hal/hal_thruster_node\n'}
[105.727409] (hal) StdoutLine: {'line': b'-- Set runtime path of "/home/ss/uvms/uvms3_hal/install/hal/lib/hal/hal_thruster_node" to ""\n'}
[105.727658] (hal) StdoutLine: {'line': b'-- Installing: /home/ss/uvms/uvms3_hal/install/hal/lib/hal/hal_manipulator_node\n'}
[105.735573] (hal) StdoutLine: {'line': b'-- Set runtime path of "/home/ss/uvms/uvms3_hal/install/hal/lib/hal/hal_manipulator_node" to ""\n'}
[105.735716] (hal) StdoutLine: {'line': b'-- Installing: /home/ss/uvms/uvms3_hal/install/hal/share/hal//launch\n'}
[105.735778] (hal) StdoutLine: {'line': b'-- Installing: /home/ss/uvms/uvms3_hal/install/hal/share/hal//launch/hal_manipulator.launch.py\n'}
[105.735859] (hal) StdoutLine: {'line': b'-- Installing: /home/ss/uvms/uvms3_hal/install/hal/share/hal//launch/power_hal.launch.py\n'}
[105.736027] (hal) StdoutLine: {'line': b'-- Up-to-date: /home/ss/uvms/uvms3_hal/install/hal/include/\n'}
[105.736090] (hal) StdoutLine: {'line': b'-- Installing: /home/ss/uvms/uvms3_hal/install/hal/include//manipulator_hal\n'}
[105.736129] (hal) StdoutLine: {'line': b'-- Installing: /home/ss/uvms/uvms3_hal/install/hal/include//manipulator_hal/can_driver.hpp\n'}
[105.736165] (hal) StdoutLine: {'line': b'-- Installing: /home/ss/uvms/uvms3_hal/install/hal/include//manipulator_hal/safety_manager.hpp\n'}
[105.736199] (hal) StdoutLine: {'line': b'-- Installing: /home/ss/uvms/uvms3_hal/install/hal/include//manipulator_hal/manipulator_lifecycle_node.hpp\n'}
[105.736233] (hal) StdoutLine: {'line': b'-- Installing: /home/ss/uvms/uvms3_hal/install/hal/include//manipulator_hal/protocol_parser.hpp\n'}
[105.736268] (hal) StdoutLine: {'line': b'-- Installing: /home/ss/uvms/uvms3_hal/install/hal/include//power_hal\n'}
[105.736303] (hal) StdoutLine: {'line': b'-- Installing: /home/ss/uvms/uvms3_hal/install/hal/include//power_hal/can_interface.hpp\n'}
[105.736337] (hal) StdoutLine: {'line': b'-- Installing: /home/ss/uvms/uvms3_hal/install/hal/share/hal//config\n'}
[105.736390] (hal) StdoutLine: {'line': b'-- Installing: /home/ss/uvms/uvms3_hal/install/hal/share/hal//config/left_arm.yaml\n'}
[105.736428] (hal) StdoutLine: {'line': b'-- Installing: /home/ss/uvms/uvms3_hal/install/hal/share/hal//config/right_arm.yaml\n'}
[105.736463] (hal) StdoutLine: {'line': b'-- Installing: /home/ss/uvms/uvms3_hal/install/hal/share/ament_index/resource_index/package_run_dependencies/hal\n'}
[105.737407] (hal) StdoutLine: {'line': b'-- Installing: /home/ss/uvms/uvms3_hal/install/hal/share/ament_index/resource_index/parent_prefix_path/hal\n'}
[105.737480] (hal) StdoutLine: {'line': b'-- Installing: /home/ss/uvms/uvms3_hal/install/hal/share/hal/environment/ament_prefix_path.sh\n'}
[105.746517] (hal) StdoutLine: {'line': b'-- Installing: /home/ss/uvms/uvms3_hal/install/hal/share/hal/environment/ament_prefix_path.dsv\n'}
[105.747875] (hal) StdoutLine: {'line': b'-- Installing: /home/ss/uvms/uvms3_hal/install/hal/share/hal/environment/path.sh\n'}
[105.748087] (hal) StdoutLine: {'line': b'-- Installing: /home/ss/uvms/uvms3_hal/install/hal/share/hal/environment/path.dsv\n'}
[105.748245] (hal) StdoutLine: {'line': b'-- Installing: /home/ss/uvms/uvms3_hal/install/hal/share/hal/local_setup.bash\n'}
[105.748488] (hal) StdoutLine: {'line': b'-- Installing: /home/ss/uvms/uvms3_hal/install/hal/share/hal/local_setup.sh\n'}
[105.748660] (hal) StdoutLine: {'line': b'-- Installing: /home/ss/uvms/uvms3_hal/install/hal/share/hal/local_setup.zsh\n'}
[105.749103] (hal) StdoutLine: {'line': b'-- Installing: /home/ss/uvms/uvms3_hal/install/hal/share/hal/local_setup.dsv\n'}
[105.749415] (hal) StdoutLine: {'line': b'-- Installing: /home/ss/uvms/uvms3_hal/install/hal/share/hal/package.dsv\n'}
[105.750467] (hal) StdoutLine: {'line': b'-- Installing: /home/ss/uvms/uvms3_hal/install/hal/share/ament_index/resource_index/packages/hal\n'}
[105.750567] (hal) StdoutLine: {'line': b'-- Installing: /home/ss/uvms/uvms3_hal/install/hal/share/hal/cmake/export_hal__rosidl_generator_cExport.cmake\n'}
[105.750702] (hal) StdoutLine: {'line': b'-- Installing: /home/ss/uvms/uvms3_hal/install/hal/share/hal/cmake/export_hal__rosidl_generator_cExport-noconfig.cmake\n'}
[105.750961] (hal) StdoutLine: {'line': b'-- Installing: /home/ss/uvms/uvms3_hal/install/hal/share/hal/cmake/export_hal__rosidl_typesupport_fastrtps_cExport.cmake\n'}
[105.751024] (hal) StdoutLine: {'line': b'-- Installing: /home/ss/uvms/uvms3_hal/install/hal/share/hal/cmake/export_hal__rosidl_typesupport_fastrtps_cExport-noconfig.cmake\n'}
[105.751622] (hal) StdoutLine: {'line': b'-- Installing: /home/ss/uvms/uvms3_hal/install/hal/share/hal/cmake/export_hal__rosidl_generator_cppExport.cmake\n'}
[105.751694] (hal) StdoutLine: {'line': b'-- Installing: /home/ss/uvms/uvms3_hal/install/hal/share/hal/cmake/export_hal__rosidl_typesupport_fastrtps_cppExport.cmake\n'}
[105.751874] (hal) StdoutLine: {'line': b'-- Installing: /home/ss/uvms/uvms3_hal/install/hal/share/hal/cmake/export_hal__rosidl_typesupport_fastrtps_cppExport-noconfig.cmake\n'}
[105.752204] (hal) StdoutLine: {'line': b'-- Installing: /home/ss/uvms/uvms3_hal/install/hal/share/hal/cmake/hal__rosidl_typesupport_introspection_cExport.cmake\n'}
[105.752897] (hal) StdoutLine: {'line': b'-- Installing: /home/ss/uvms/uvms3_hal/install/hal/share/hal/cmake/hal__rosidl_typesupport_introspection_cExport-noconfig.cmake\n'}
[105.752984] (hal) StdoutLine: {'line': b'-- Installing: /home/ss/uvms/uvms3_hal/install/hal/share/hal/cmake/hal__rosidl_typesupport_cExport.cmake\n'}
[105.753207] (hal) StdoutLine: {'line': b'-- Installing: /home/ss/uvms/uvms3_hal/install/hal/share/hal/cmake/hal__rosidl_typesupport_cExport-noconfig.cmake\n'}
[105.753550] (hal) StdoutLine: {'line': b'-- Installing: /home/ss/uvms/uvms3_hal/install/hal/share/hal/cmake/hal__rosidl_typesupport_introspection_cppExport.cmake\n'}
[105.754164] (hal) StdoutLine: {'line': b'-- Installing: /home/ss/uvms/uvms3_hal/install/hal/share/hal/cmake/hal__rosidl_typesupport_introspection_cppExport-noconfig.cmake\n'}
[105.754319] (hal) StdoutLine: {'line': b'-- Installing: /home/ss/uvms/uvms3_hal/install/hal/share/hal/cmake/hal__rosidl_typesupport_cppExport.cmake\n'}
[105.755306] (hal) StdoutLine: {'line': b'-- Installing: /home/ss/uvms/uvms3_hal/install/hal/share/hal/cmake/hal__rosidl_typesupport_cppExport-noconfig.cmake\n'}
[105.755379] (hal) StdoutLine: {'line': b'-- Installing: /home/ss/uvms/uvms3_hal/install/hal/share/hal/cmake/export_hal__rosidl_generator_pyExport.cmake\n'}
[105.755419] (hal) StdoutLine: {'line': b'-- Installing: /home/ss/uvms/uvms3_hal/install/hal/share/hal/cmake/export_hal__rosidl_generator_pyExport-noconfig.cmake\n'}
[105.755459] (hal) StdoutLine: {'line': b'-- Installing: /home/ss/uvms/uvms3_hal/install/hal/share/hal/cmake/rosidl_cmake-extras.cmake\n'}
[105.755494] (hal) StdoutLine: {'line': b'-- Installing: /home/ss/uvms/uvms3_hal/install/hal/share/hal/cmake/ament_cmake_export_dependencies-extras.cmake\n'}
[105.755527] (hal) StdoutLine: {'line': b'-- Installing: /home/ss/uvms/uvms3_hal/install/hal/share/hal/cmake/ament_cmake_export_include_directories-extras.cmake\n'}
[105.755659] (hal) StdoutLine: {'line': b'-- Installing: /home/ss/uvms/uvms3_hal/install/hal/share/hal/cmake/ament_cmake_export_libraries-extras.cmake\n'}
[105.755817] (hal) StdoutLine: {'line': b'-- Installing: /home/ss/uvms/uvms3_hal/install/hal/share/hal/cmake/ament_cmake_export_targets-extras.cmake\n'}
[105.756534] (hal) StdoutLine: {'line': b'-- Installing: /home/ss/uvms/uvms3_hal/install/hal/share/hal/cmake/rosidl_cmake_export_typesupport_targets-extras.cmake\n'}
[105.757199] (hal) StdoutLine: {'line': b'-- Installing: /home/ss/uvms/uvms3_hal/install/hal/share/hal/cmake/rosidl_cmake_export_typesupport_libraries-extras.cmake\n'}
[105.757768] (hal) StdoutLine: {'line': b'-- Installing: /home/ss/uvms/uvms3_hal/install/hal/share/hal/cmake/halConfig.cmake\n'}
[105.757869] (hal) StdoutLine: {'line': b'-- Installing: /home/ss/uvms/uvms3_hal/install/hal/share/hal/cmake/halConfig-version.cmake\n'}
[105.757924] (hal) StdoutLine: {'line': b'-- Installing: /home/ss/uvms/uvms3_hal/install/hal/share/hal/package.xml\n'}
[105.761642] (hal) CommandEnded: {'returncode': 0}
[105.814874] (hal) JobEnded: {'identifier': 'hal', 'rc': 0}
[105.816399] (-) EventReactorShutdown: {}
